Merchant ID,Merchant Name,Merchant Type,Pickup Hub(s)
5,PREMIER BANK (BANGLABAZAR),Regular,N/A
6,Market Pulse(Lanka Bangla Limited),Regular,N/A
7,Aamra Networks Limited ,Regular,Banani (ISD Hub)
8,SouthEast Bank Limited,Regular,N/A
9,Mercantile Bank ltd. (Rampura Branch),Regular,N/A
10,PREMIER BANK (NEW MARKET),Regular,N/A
12,Rakeen Development Limited(CS),Regular,N/A
13,TIC Manufacturing (Bangladesh) Limited,Regular,N/A
15,NZDP,Regular,N/A
16,Sainsbury's Argos Asia Limited,Regular,N/A
17,FSIBL BONOSREE,Regular,N/A
18,South East Bank (Basundhara Branch),Regular,Malibagh (ISD Hub); Shewrapara (ISD Hub)
19,Shopnobari.com,Regular,N/A
20,Nayeem's Vebture,Regular,Mirpur-1 (ISD Hub)
21,SHAMIR CARPETS,Regular,Motijheel (ISD Hub)
22,Sayma fashion world,Regular,N/A
25,Kns Style Zone,Regular,N/A
26,Ayman's Baby Shop,Regular,N/A
27,Nahidul Hasan_March 05,Regular,N/A
29,IDCOL,Regular,Farmgate (ISD Hub)
44,INFOSYS,Regular,Farmgate (ISD Hub)
73,BD Arabian Shop,Regular,Mohammadpur (ISD Hub)
86,clasic fashion,Regular,Chittagong-Nasirabad (OSD Hub); Farmgate (ISD Hub); Mirpur-1 (ISD Hub)
93,Stylika by Saima,Regular,N/A
96,Velvet,Regular,N/A
98,Dress Pair,Regular,N/A
104,Life Online Shop BD,Regular,Keranigonj (RSD Hub)
118,Blushing Noir ,Regular,N/A
124,Kids fashion bd,Regular,Malibagh (ISD Hub)
126,Girlz Corner,Regular,N/A
130,Bismillah Marine Store,Regular,Chittagong-Halishahar (OSD Hub)
134,Ovto Limited,Regular,Bashundhara (ISD Hub)
135,Ripasha Onlline Market,Regular,N/A
136,Nilim Shahan Imported Fashion zone ,Regular,N/A
139,Noor Fashion House,Regular,N/A
140,Online Shop,Regular,N/A
142,Niloy's glamour,Regular,Bashabo (ISD Hub)
144,SkinFuel,Regular,N/A
148,Biponee BD,Regular,N/A
151,Adiyat Fashion,Regular,N/A
159,GIFT CORNER,Regular,Diabari (ISD Hub)
167,Fahad Salim,Regular,Bashundhara (ISD Hub)
173,CoverLand - Adabor,Regular,N/A
175,STAY WITH STYLE,Regular,N/A
185,Ayesha beauty zone,Regular,N/A
188,Ayshbeauty zone,Regular,N/A
192,C company,Regular,N/A
196,New Shonartori Jewellers,Regular,N/A
203,J S S International,Regular,N/A
209,Modest Lifestyle,Regular,Bashabo (ISD Hub)
210,Aveiroe,Regular,N/A
230,joyabazar.com,Regular,Bashabo (ISD Hub)
232,Kajur Poshra,Regular,N/A
242,Shopping BD Home,Regular,Lalbag (ISD Hub); Pallabi (ISD Hub); Shewrapara (ISD Hub)
243,LadyFest.com,Regular,N/A
246,Rico Holdings,Regular,N/A
254,Bengol Mart,Regular,Malibagh (ISD Hub)
255,Angelic Kids & Varieties Zone,Regular,N/A
264,Choose & Take,Regular,Mirpur-1 (ISD Hub); Motijheel (ISD Hub)
268,Custom Mac BD,Regular,Banani (ISD Hub); Farmgate (ISD Hub); Bashundhara (ISD Hub)
273,Googlybd,Regular,Pallabi (ISD Hub)
274,Patabahar,Regular,N/A
290,JEWELRY007,Regular,N/A
292,Labonnomoy,Regular,N/A
295,Gadget Freak,Regular,N/A
297,Troika,Regular,N/A
298,Courier BD,Regular,N/A
300,Neha Collection,Regular,N/A
321,zero,Regular,N/A
322,CityShop,Regular,Diabari (ISD Hub)
328,Tailor House,Regular,Pallabi (ISD Hub)
329,Hijabi Neesa,Regular,N/A
333,Apshora & The al rahabar,Regular,N/A
337,Bazarbd,Regular,N/A
341,Fashion Book,Regular,N/A
342,Glam Queen,Regular,Mohammadpur (ISD Hub)
344,Charming,Regular,Motijheel (ISD Hub)
349,Neelkomol,Regular,N/A
352,Leio Fashion BD,Regular,N/A
354,_____,Regular,N/A
356,Liyah,Regular,N/A
359,Jeharoo,Regular,N/A
362,Hotshot Automotive,Regular,Bashabo (ISD Hub)
371,Clothing Hermony,Regular,N/A
373,Everything Shop,Regular,Motijheel (ISD Hub)
375,Lily & Lilac Bangladesh,Regular,N/A
402,Trendy Wears,Regular,N/A
411,Eurasiasupplies,Regular,N/A
421,Terracotta,Regular,N/A
423,Deshi Shop,Regular,N/A
430,Tellus Bangladesh,Regular,Siddhirganj (RSD Hub)
431,Crystal Curves,Regular,N/A
432,Sidratul's Garage,Regular,N/A
433,Patabd.com,Regular,N/A
435,Miniature BD,Regular,Banani (ISD Hub); Bashundhara (ISD Hub); Malibagh (ISD Hub)
443,Botomul.com,Regular,N/A
444,Sister's,Regular,N/A
445,Alisha's Dream Land,Regular,N/A
448,albi,Regular,N/A
450,sunehra attires,Regular,N/A
454,AliZon,Regular,N/A
461,Radis Collection,Regular,N/A
465,Retro Jewellery,Regular,N/A
467,Computer Lab & Service Center,Regular,N/A
475,Rong Kathi,Regular,N/A
481,Carnival Fashions,Regular,Banani (ISD Hub)
484,jmf,Regular,N/A
485,Mind Full Shop,Regular,N/A
486,Aparajita Aparajita,Regular,N/A
489,ement bangladesh,Regular,Mohammadpur (ISD Hub)
491,e-motion Capture,Regular,N/A
492,Fashion & Freedom,Regular,N/A
493,Maha,Regular,N/A
494,Anifa Collection,Regular,N/A
497,Fahrenheit Fashion HOUSE,Regular,N/A
498,Rainbow Fashion,Regular,N/A
510,Phachuki Ltd,Regular,Malibagh (ISD Hub)
525,Sk Nahid Sanwar Gadgets,Regular,N/A
534,Zeba's Closet,Regular,N/A
535,FARAS,Regular,N/A
544,Erina's Closet,Regular,N/A
554,Fahim Fashion,Regular,Malibagh (ISD Hub)
561,Traditional Bangladesh,Regular,Bogra (OSD Hub); Bashabo (ISD Hub)
573,Sohozcart.com,Regular,Mohammadpur (ISD Hub)
599,Jinipook,Regular,Farmgate (ISD Hub)
612,Dress business ,Regular,N/A
617,Tonni's Collection bd.com,Regular,N/A
621,Magic Mug BD,Regular,Rayerbag (ISD Hub); Keranigonj (RSD Hub)
625,Pillow Platoon,Regular,Bashabo (ISD Hub)
627,KINENAO,Regular,Mirpur-1 (ISD Hub); Shewrapara (ISD Hub)
628,Collections to Closet (C2C),Regular,Mirpur-1 (ISD Hub)
632,Knock,Regular,Farmgate (ISD Hub)
634,Products for You,Regular,N/A
635,sparrow shop,Regular,N/A
637,Chosma.com,Regular,Bashundhara (ISD Hub); Pallabi (ISD Hub)
643,Blu Fashion BD,Regular,Bashabo (ISD Hub)
650,Kaleidoscope,Regular,Mohammadpur (ISD Hub); Banani (ISD Hub)
653,Gotimoy,Regular,Bashabo (ISD Hub)
655,CRAZY SHOP,Regular,N/A
657,Grumpy Fish,Regular,Farmgate (ISD Hub)
659,Modest Collection,Regular,Farmgate (ISD Hub)
660,LIVINGTEX,Regular,Diabari (ISD Hub)
661,electronics.com.bd,Regular,Farmgate (ISD Hub)
664,m.storebd439,Regular,Shewrapara (ISD Hub)
665,Fama Collection,Regular,Banani (ISD Hub)
670,Baby shop,Regular,Bashundhara (ISD Hub)
671,Velvet bow,Regular,Farmgate (ISD Hub)
673,Femalo,Regular,Malibagh (ISD Hub); Gazipur-Kapasia (RSD Hub)
674,Mom's Heaven,Regular,Mohammadpur (ISD Hub)
675,SHOPAHOLIC,Regular,Pallabi (ISD Hub); Shewrapara (ISD Hub)
677,Purple House,Regular,Badda (ISD Hub)
678,SHANAYA'S,Regular,Bashundhara (ISD Hub)
681,Glam Couture,Regular,Farmgate (ISD Hub)
682,gazzeto.com,Regular,N/A
684,Dukpion.com,Regular,Farmgate (ISD Hub)
685,Girls Fashion Mart,Regular,Mohammadpur (ISD Hub); Farmgate (ISD Hub)
690,BdFamilyMart,Regular,Bashabo (ISD Hub)
692,Poromita's Couture,Regular,Bashundhara (ISD Hub)
694,Pixco International,Regular,N/A
696,The Korean Mall - Bangladesh,Regular,Uttara (ISD Hub)
697,Shareez.com.bd,Regular,Banani (ISD Hub); Tangail Nagarpur (OSD Hub)
700,Knock For It,Regular,Lalbag (ISD Hub)
701,PURPLE,Regular,N/A
702,Tazzdi's,Regular,Uttara (ISD Hub)
706,Unique Cart,Regular,Pallabi (ISD Hub)
714,Grameen Shamogree,Regular,Dinajpur (OSD Hub); Gazipur-Kaliganj (RSD Hub); Rajshahi (OSD Hub); Mymensingh (OSD Hub); Malibagh (ISD Hub); Farmgate (ISD Hub); Khulna (OSD Hub); Chittagong-Nasirabad (OSD Hub); Mohammadpur (ISD Hub); Rangpur (OSD Hub); Dohar Nowabganj (RSD Hub); Pabna-Ishwardi (OSD Hub); Sirajganj (OSD Hub); Mirpur-1 (ISD Hub)
715,The Mall BD,Regular,Bashundhara (ISD Hub)
719,All the Way from India,Regular,N/A
720,ELAN Lifestyle,Regular,Malibagh (ISD Hub)
724,Adore Me Online Shop,Regular,Malibagh (ISD Hub); Lalbag (ISD Hub)
725,Cover,Regular,Banani (ISD Hub); Lalbag (ISD Hub)
727,Gentscart BD,Regular,Malibagh (ISD Hub)
728,the beautiful (1),Regular,Banani (ISD Hub)
729,Shaaz Exclusive Sylhet,Regular,Bashabo (ISD Hub); Sylhet (OSD Hub)
731,VIVIS,Regular,Banani (ISD Hub); Pallabi (ISD Hub)
733,DASH,Regular,Motijheel (ISD Hub)
735,Beauties Hub,Regular,Lalbag (ISD Hub)
736,Outlookz,Regular,Mirpur-1 (ISD Hub)
738,Halum Craft,Regular,Mohammadpur (ISD Hub)
739,Shotho Rong Boutic,Regular,Bashabo (ISD Hub)
741,Venus Boutique,Regular,Mohammadpur (ISD Hub)
742,GirlyShopper,Regular,Kamrangirchar (ISD Hub)
745,Mollika,Regular,Lalbag (ISD Hub); Farmgate (ISD Hub); Uttara (ISD Hub); Motijheel (ISD Hub); Mohammadpur (ISD Hub)
747,Asteria,Regular,Diabari (ISD Hub)
749,Variants (A),Regular,N/A
751,Roshni's Collection,Regular,Pallabi (ISD Hub)
758,Bahari,Regular,Mohammadpur (ISD Hub); Farmgate (ISD Hub); Motijheel (ISD Hub)
760,RK Jewellery Collections,Regular,Bashundhara (ISD Hub)
768,Penguin.com.bd,Regular,Farmgate (ISD Hub); Motijheel (ISD Hub)
770,OFRA Online Mart,Regular,Banani (ISD Hub); Farmgate (ISD Hub)
772,Dresses Jewelary Home,Regular,Pallabi (ISD Hub)
773,trisha craft,Regular,Mohammadpur (ISD Hub)
774,NS Boutique Point,Regular,Farmgate (ISD Hub)
775,Zara Fashion,Regular,Bashabo (ISD Hub)
778,S A Apparels,Regular,Bashabo (ISD Hub)
780,Time 2 Time,Regular,Farmgate (ISD Hub)
782,Bay Outfit,Regular,N/A
784,Sabera's Creation,Regular,N/A
786,Be Stylish By Mou Off,Regular,N/A
787,Shahzadi & Shehnaz,Regular,Lalbag (ISD Hub); Diabari (ISD Hub)
789,AN NAJAH FASHION 2,Regular,Banani (ISD Hub); Farmgate (ISD Hub)
797,Tafida Clothing,Regular,Motijheel (ISD Hub)
798,Mew Mew Shop Bd,Regular,Mohammadpur (ISD Hub)
799,PaikariGhor,Regular,Gazipur-Board Bazar (RSD Hub)
800,Glitzy,Regular,Tinkune Hub (ISD Hub); Lalbag (ISD Hub)
802,Jamdani Planet,Regular,Malibagh (ISD Hub)
805,Dailysories,Regular,Uttara (ISD Hub)
806,eFashion Gallery,Regular,Chittagong-Nasirabad (OSD Hub); Farmgate (ISD Hub)
811,Ranmart,Regular,Malibagh (ISD Hub)
812,OGERIO,Regular,Mohammadpur (ISD Hub); Chittagong-Nasirabad (OSD Hub)
813,eMirpur.com,Regular,N/A
816,TEXMART TRADING COMPANY LTD,Regular,Uttara (ISD Hub)
817,The Peony,Regular,Farmgate (ISD Hub)
818,Row the bow,Regular,Mohammadpur (ISD Hub)
819,Care Me,Regular,Mohammadpur (ISD Hub); Farmgate (ISD Hub)
820,RS DressWorld,Regular,Demra (ISD Hub); Shariatpur (OSD Hub)
825,Gootipa,Regular,Mohammadpur (ISD Hub)
827,Trend & Style Zone,Regular,Farmgate (ISD Hub)
828,Pure Care BD,Regular,Shewrapara (ISD Hub)
831,L'amour Bangladesh,Regular,Farmgate (ISD Hub)
833,"Jersey Freak BD, Khilgaon",Regular,Malibagh (ISD Hub)
835,Mayabi Creations-A,Regular,Lalbag (ISD Hub); Motijheel (ISD Hub)
837,Mmayami,Regular,Mohammadpur (ISD Hub)
840,Express Shopping,Regular,Bashundhara (ISD Hub)
841,Swapon's World,Regular,Dinajpur (OSD Hub); Sylhet (OSD Hub); Shewrapara (ISD Hub)
842,WS king decor,Regular,Keranigonj (RSD Hub)
845,Classydrugs.com,Regular,Lalbag (ISD Hub)
846,Feature (Women's Happiness),Regular,Pallabi (ISD Hub)
847,Passionate Bangladesh,Regular,Kamrangirchar (ISD Hub); Diabari (ISD Hub)
848,Apico,Regular,Lalbag (ISD Hub)
849,Urusarfa,Regular,Lalbag (ISD Hub)
853,Clothes over Baes,Regular,Mohammadpur (ISD Hub)
857,Leo Group,Regular,N/A
858,Shopping Canvas,Regular,Lalbag (ISD Hub); Shewrapara (ISD Hub)
860,Wardrobe Collections,Regular,Mirpur-1 (ISD Hub)
862,Style Bd,Regular,Uttara (ISD Hub)
863,Smart Eshop BD,Regular,Farmgate (ISD Hub)
864,sadia's collection,Regular,Malibagh (ISD Hub)
866,Luxur BD,Regular,Bashundhara (ISD Hub)
867,Zahraa Fashion,Regular,Badda (ISD Hub)
868,HUTUM,Regular,Mohammadpur (ISD Hub)
869,ABRU FASHION BAY,Regular,Pallabi (ISD Hub)
870,GlamDust,Regular,Motijheel (ISD Hub)
872,Patrons Vape Dhaka ,Regular,Uttara (ISD Hub)
873,Precious Fashion,Regular,Farmgate (ISD Hub); Pallabi (ISD Hub)
874,Bindu,Regular,N/A
875,Shopnochura,Regular,Malibagh (ISD Hub)
880,SADIA's GLAMOUR,Regular,Shewrapara (ISD Hub)
881,Women's Fashion By Shorna,Regular,Farmgate (ISD Hub)
882,FANAL,Regular,Motijheel (ISD Hub)
884,Pronoyinee,Regular,Malibagh (ISD Hub)
885,Global Brand Pvt LTD,Regular,Farmgate (ISD Hub)
889,Nipun Eshop,Regular,Farmgate (ISD Hub)
891,passion for fashion,Regular,Mirpur-1 (ISD Hub)
895,Metaphor,Regular,Farmgate (ISD Hub)
897,Dreams Gallery,Regular,Sylhet (OSD Hub)
899,WoodTakker,Regular,Keranigonj (RSD Hub)
901,Feha's Collection A,Regular,N/A
902,WILD FASHION BD,Regular,Malibagh (ISD Hub)
903,Aesthetic Closet,Regular,Malibagh (ISD Hub); Farmgate (ISD Hub)
906,Cosmetics shop bd,Regular,Malibagh (ISD Hub); Bashabo (ISD Hub)
908,Bangkok Beauty Shop,Regular,Mohammadpur (ISD Hub); Farmgate (ISD Hub)
915,Taqdeer,Regular,Pallabi (ISD Hub); Diabari (ISD Hub); Motijheel (ISD Hub)
918,Prestige bd,Regular,Mohammadpur (ISD Hub); Rayerbag (ISD Hub); Farmgate (ISD Hub)
919,Little Trendstar,Regular,Uttara (ISD Hub)
921,Glamour world by Jannat,Regular,Uttara (ISD Hub); Pallabi (ISD Hub)
922,TeeTailor,Regular,Tinkune Hub (ISD Hub); Rayerbag (ISD Hub); Lalbag (ISD Hub)
923,Rupkotha's collection,Regular,Malibagh (ISD Hub)
925,Exclusive Ladies Undergarments,Regular,Mirpur-1 (ISD Hub); Shewrapara (ISD Hub)
928,Dress Prangoan,Regular,Bashabo (ISD Hub)
930,Nito(beauty & cosmetics) online,Regular,N/A
934,Shaajo,Regular,Badda (ISD Hub)
935,Eyara Fashion,Regular,Mirpur-1 (ISD Hub)
937,Jeanspire,Regular,Mohammadpur (ISD Hub); Keranigonj (RSD Hub)
938,FARHA,Regular,Pallabi (ISD Hub)
941,Pinkish Beauties,Regular,Mohammadpur (ISD Hub); Bashundhara (ISD Hub)
944,Taatiana,Regular,Pallabi (ISD Hub)
946,Indian Fancy Blouse Collection,Regular,Malibagh (ISD Hub)
949,Girl's Paradise,Regular,Motijheel (ISD Hub)
950,Mad Koffee,Regular,Uttara (ISD Hub)
954,Fashionislandbd.com,Regular,Mohammadpur (ISD Hub)
955,Tee Terminal,Regular,Rayerbag (ISD Hub)
956,Jara's Fashion House,Regular,Lalbag (ISD Hub)
957,Geniqe Fashions & Fabrics,Regular,Mirpur-1 (ISD Hub)
960,TJ Shop BD,Regular,Mirpur-1 (ISD Hub); Shewrapara (ISD Hub)
961,Wear n Smile,Regular,Motijheel (ISD Hub)
966,KK Fashion House,Regular,Bashabo (ISD Hub)
967,Kartzoo,Regular,Rayerbag (ISD Hub); Farmgate (ISD Hub)
972,Shundori Ctg,Regular,Chittagong-Halishahar (OSD Hub)
973,Classy Mart,Regular,Mohammadpur (ISD Hub)
974,Tara dress chemistry,Regular,Banani (ISD Hub); Malibagh (ISD Hub)
975,Prokrito.com,Regular,Farmgate (ISD Hub); Siddhirganj (RSD Hub)
977,Creation Edge ,Regular,N/A
983,Let's Start From Zero,Regular,Mirpur-1 (ISD Hub)
986,SHAFIN'S,Regular,N/A
987,Nowreen Hijabian,Regular,Farmgate (ISD Hub)
991,Fresh Agro foods [Inactive],Regular,Pallabi (ISD Hub)
992,Fast Buy BD,Regular,Pallabi (ISD Hub)
996,Eyelash World,Regular,Mohammadpur (ISD Hub)
999,Lavishta,Regular,Banani (ISD Hub)
1001,T-House Ctg,Regular,N/A
1003,Magenta Lifestyle,Regular,Pallabi (ISD Hub)
1005,Beauty Products BD,Regular,Gazipur-Board Bazar (RSD Hub); Gazipur-Kaliganj (RSD Hub); Gazipur-Tongi (RSD Hub)
1010,Tina's closet,Regular,Bashundhara (ISD Hub)
1012,Drops of Beauty,Regular,Diabari (ISD Hub)
1015,Andarmahal,Regular,N/A
1018,Modesty & Beyond,Regular,N/A
1022,Simu fashion,Regular,Lalbag (ISD Hub)
1024,Rong Dhong BD,Regular,Mohammadpur (ISD Hub)
1028,Mommys and Baby Choice,Regular,Pallabi (ISD Hub)
1031,Beauty Nest,Regular,Lalbag (ISD Hub)
1032,Fashion Origin Club,Regular,Shewrapara (ISD Hub)
1033,www.easyfashion.com.bd,Regular,N/A
1034,Shaver Shop Bangladesh,Regular,Banani (ISD Hub); Motijheel (ISD Hub)
1036,SadagarUK,Regular,N/A
1037,Rupanty's,Regular,Lakshmipur-Raipur (OSD Hub); Bashundhara (ISD Hub); Diabari (ISD Hub)
1040,BONANZA's,Regular,Bashundhara (ISD Hub)
1044,Queen Mart,Regular,Malibagh (ISD Hub); Moulovibazar-Kulaura (OSD Hub)
1048,china wholesaler bd,Regular,N/A
1051,ABAYA HIJAB POINT,Regular,Cumilla (OSD Hub); Uttara (ISD Hub)
1052,Best Organic Shop,Regular,N/A
1056,Labane.com,Regular,Kamrangirchar (ISD Hub)
1058,Fashionable BD,Regular,N/A
1062,Prosadhoni,Regular,Bashundhara (ISD Hub)
1065,EasyKart BD,Regular,Mohammadpur (ISD Hub)
1070,Astoria BD,Regular,Chittagong-Halishahar (OSD Hub)
1071,Hasan Bazaar,Regular,Shewrapara (ISD Hub)
1072,Night Breeze,Regular,Bashundhara (ISD Hub)
1074,Babyshell,Regular,Bashabo (ISD Hub); Pallabi (ISD Hub)
1076,Bbazar.com.bd,Regular,Motijheel (ISD Hub)
1083,Test Corporate,Regular,Chittagong-Anwara (OSD Hub); Uttara (ISD Hub)
1088,Mahfuz rahman dev test,Regular,N/A
1091,Shanika's Attire,Regular,N/A
1143,Seven Heaven,Regular,N/A
1159,ShohozUp Online Shopping,Regular,N/A
1163,Jahraa,Regular,N/A
1190,quickshop,Regular,N/A
1192,Day night trade international ,Regular,N/A
1201,Shirtology,Regular,Shewrapara (ISD Hub)
1213,Aporajita Tumi,Regular,Mohammadpur (ISD Hub); Lalbag (ISD Hub); Bashundhara (ISD Hub)
1222,Avilash Boutique,Regular,Gazipur-Joydebpur (RSD Hub); Uttara (ISD Hub); Diabari (ISD Hub)
1228,SN Collection,Regular,N/A
1240,Rainbow Apparel,Regular,N/A
1317,Gmate,Regular,N/A
1321,EKAB,Regular,N/A
1333,Allure Girl,Regular,N/A
1336,Abroor,Regular,N/A
1339,Riwayat,Regular,N/A
1345,Microtech Interective,Regular,Motijheel (ISD Hub)
1366,Rithin trade international ,Regular,N/A
1372,Farhana's Style,Regular,Uttara (ISD Hub)
1384,Nikotei.com Easy Shopping,Regular,N/A
1397,Armario Boutique,Regular,N/A
1422,A F Corner ,Regular,Mohammadpur (ISD Hub)
1423,Nirbaan,Regular,N/A
1448,Gray Fade Shop,Regular,N/A
1457,UpTown Mart,Regular,Demra (ISD Hub)
1481,Paper Mache,Regular,N/A
1483,Bunch of Styles,Regular,N/A
1506,Lotus world BD,Regular,N/A
1508,Dodaci,Regular,N/A
1516,Modify BD,Regular,N/A
1531,Amir Horizon Trading,Regular,Mohammadpur (ISD Hub)
1553,Advance Electro Trading,Regular,Farmgate (ISD Hub); Shewrapara (ISD Hub)
1555,Blaze International,Regular,N/A
1562,Skinz & Accessorize,Regular,N/A
1629,ThenWear,Regular,N/A
1652,Punom's Collection,Regular,N/A
1663,NIPA DRESS HOUSE,Regular,N/A
1681,LAAIBAH'S,Regular,N/A
1712,Goinar Mela,Regular,Farmgate (ISD Hub)
1723,Sheza Boutiques,Regular,Diabari (ISD Hub)
1765,Ladies' Pick,Regular,N/A
1766,Henry girls shop  ,Regular,N/A
1795,Sunset Gifts,Regular,N/A
1815,Style & Shine,Regular,N/A
1849,Nishat's wardrobe,Regular,N/A
1850,Nishats wardrobe,Regular,Pallabi (ISD Hub)
1900,Boutique ,Regular,N/A
1912,ITOBLIGE INC,Regular,N/A
1916,Billionaires Clothing,Regular,N/A
1920,Rongdhinu fashion,Regular,N/A
1944,Empyreal,Regular,N/A
1996,rider's option,Regular,N/A
2009,One Eshop,Regular,N/A
2012,Nowshad World,Regular,N/A
2063,City style,Regular,N/A
2109,Exodus Tees Bangladesh,Regular,Uttara (ISD Hub)
2166,Healthy food by Sumiya,Regular,Badda (ISD Hub); Chittagong-Halishahar (OSD Hub)
2175,Pet Paradise BD,Regular,N/A
2190,HiziBzi,Regular,N/A
2225,Circle Art and Craft Supplies BD,Regular,Pallabi (ISD Hub)
2226,Elegancia,Regular,Farmgate (ISD Hub)
2234,Gadget Er Duniya,Regular,Lalbag (ISD Hub); Farmgate (ISD Hub)
2238,Artcity,Regular,N/A
2274,Aristo Club BD,Regular,N/A
2276,Nazifa's Beauty Store,Regular,N/A
2291,Troyee by Farhanas,Regular,N/A
2360,Pink Page,Regular,Pallabi (ISD Hub)
2362,Adhyasa,Regular,Lalbag (ISD Hub)
2366,Emirates Mart BD,Regular,N/A
2434,Flame,Regular,N/A
2441,CAMERA SOURCE,Regular,Farmgate (ISD Hub)
2442,Flames,Regular,N/A
2445,Zannat Afreeda Corporation,Regular,N/A
2450,Charu Fest,Regular,N/A
2451,Dhaaga BD/ PinkLilah,Regular,N/A
2453,Organikaon,Regular,Mohammadpur (ISD Hub)
2454,Aathaar,Regular,Bashabo (ISD Hub)
2456,Swift-deal,Regular,Bashabo (ISD Hub)
2459,Mehsan Fashion ,Regular,N/A
2460,Infinity Sports House,Regular,N/A
2465,Anindita Style,Regular,N/A
2470,Exclusive Dresses,Regular,Banani (ISD Hub); Farmgate (ISD Hub); Bashundhara (ISD Hub)
2472,Eluse,Regular,N/A
2488,India Shopping BD,Regular,Mohammadpur (ISD Hub)
2494,Chair King,Regular,Malibagh (ISD Hub)
2495,Inner beauty,Regular,Motijheel (ISD Hub)
2499,kroydeal.com  ,Regular,Farmgate (ISD Hub)
2502,Samrat Panjabi,Regular,Lalbag (ISD Hub)
2506,Az quality shop,Regular,Farmgate (ISD Hub)
2513,URBBA LIFESTYLE,Regular,N/A
2519,Boishakhishop,Regular,Uttara (ISD Hub)
2521,Fancy Creation,Regular,Chittagong-Nasirabad (OSD Hub); Chittagong-Bahaddarhat (OSD Hub)
2523,Big Hash Dreamians,Regular,Malibagh (ISD Hub)
2531,BrittO Lifestyle,Regular,Pallabi (ISD Hub)
2533,Akashganga,Regular,N/A
2535,Cleopatra,Regular,N/A
2537,Infinity Wares ,Regular,N/A
2539,Well Market,Regular,N/A
2540,Personal,Regular,N/A
2542,SAUDA,Regular,Mohammadpur (ISD Hub); Bashabo (ISD Hub)
2549,Jolrong Lifestyle,Regular,N/A
2552,Endless Creativity ,Regular,Bashundhara (ISD Hub)
2559,Az quality shop bd,Regular,N/A
2572,Salman fashion,Regular,N/A
2574,Ala Rasi,Regular,N/A
2576,LUMIGEN,Regular,N/A
2577,Spritz17 ,Regular,N/A
2584,In My Room,Regular,N/A
2586,Mridul's Cosplay Costumes,Regular,N/A
2591,Sparkle buzzzzz ,Regular,N/A
2592,OFF Center ( shyamoli),Regular,Barishal (OSD Hub); Kamrangirchar (ISD Hub); Mirpur-1 (ISD Hub)
2594,The Cart,Regular,N/A
2597,NextRise International ,Regular,N/A
2598,Gazna,Regular,Malibagh (ISD Hub); Badda (ISD Hub)
2599,Zero,Regular,N/A
2601,Homemade Baby Food By Shahnaz,Regular,N/A
2604,Vibrant,Regular,N/A
2611,Eyedol,Regular,Pallabi (ISD Hub)
2612,UniShopr,Regular,Banani (ISD Hub); Mirpur-1 (ISD Hub); Pallabi (ISD Hub)
2622,Jinuk Fashaions,Regular,Bashabo (ISD Hub)
2624,Nolok beauty & jewellery,Regular,Narayanganj (RSD Hub); Lalbag (ISD Hub)
2625,TAYRA ,Regular,N/A
2627,MosquitoX,Regular,Motijheel (ISD Hub)
2630,eibdaa,Regular,Shewrapara (ISD Hub); Bashundhara (ISD Hub); Badda (ISD Hub); Pallabi (ISD Hub)
2632,Hisebi,Regular,N/A
2636,Giftorita,Regular,Farmgate (ISD Hub)
2642,LOYALO SPORTS,Regular,Banani (ISD Hub); Diabari (ISD Hub)
2644,FAKU Fashion,Regular,N/A
2645,Stylina,Regular,N/A
2647,Ismita LifeStyle,Regular,N/A
2648,Inaaya fashion,Regular,N/A
2649,Ekanto,Regular,N/A
2652,Lens Gallery,Regular,N/A
2658,eBasketbd,Regular,Shewrapara (ISD Hub)
2662,Fashion-Park,Regular,Siddhirganj (RSD Hub); Demra (ISD Hub)
2665,Fandom club,Regular,N/A
2666,Raimo Cosmetics,Regular,Mohammadpur (ISD Hub)
2669,Commitment Cosmetics Product,Regular,N/A
2670,Skin care,Regular,Lalbag (ISD Hub); Pallabi (ISD Hub)
2671,Wish Craft,Regular,N/A
2679,Pink Mommy,Regular,Uttara (ISD Hub)
2684,Epic by Mehzabin ,Regular,N/A
2691,Kolmilota,Regular,Uttara (ISD Hub); Diabari (ISD Hub)
2700,Best Fashion,Regular,N/A
2712,6 Season's Gallery,Regular,Mirpur-1 (ISD Hub)
2713,Daily Choice,Regular,N/A
2719,Luggage Products,Regular,Bashundhara (ISD Hub)
2723,Mehrin I,Regular,N/A
2725,laki's world,Regular,N/A
2728,shaj-bangla,Regular,N/A
2733,Zakia's Window,Regular,N/A
2736,Afrina's Collection,Regular,Pallabi (ISD Hub)
2740,SKYLARK,Regular,Lalbag (ISD Hub)
2747,Elegancia Bd,Regular,N/A
2757,The Pink Closet ,Regular,Bashabo (ISD Hub)
2761,The Kpop Shop,Regular,Malibagh (ISD Hub)
2762,Girls Shopping Place BD,Regular,N/A
2780,Royalcreations,Regular,Lalbag (ISD Hub); Motijheel (ISD Hub)
2782,Passionate ,Regular,N/A
2783,Tizaarah,Regular,N/A
2787,দেবী - Debi,Regular,Pallabi (ISD Hub)
2795,Beauty ERA BD,Regular,Lalbag (ISD Hub)
2798,Mystique Maquillage,Regular,N/A
2801,ROSE PARADISE,Regular,Mohammadpur (ISD Hub)
2803,Alibaba's Dream ,Regular,N/A
2804,স্বর্গঙ্গা- Galaxy,Regular,Pallabi (ISD Hub)
2814,Aquiver,Regular,N/A
2827,Pink n Pop,Regular,N/A
2828,perfect fashion ,Regular,N/A
2837,WEARZA,Regular,N/A
2851,J.P. Online shop ,Regular,N/A
2852,Anxious Biskut Bostro ,Regular,N/A
2853,Dresstho Mart,Regular,N/A
2860,e-Market Ghore Boshe Kenakata,Regular,N/A
2863,Tansher,Regular,N/A
2866,June 29,Regular,Malibagh (ISD Hub)
2868,SN Fashion,Regular,Rayerbag (ISD Hub); Chapai-Rohonpur (OSD Hub); Lalbag (ISD Hub)
2870,GIRLS DREAM,Regular,Chittagong-Halishahar (OSD Hub)
2876,Girls BD Shopping Corner,Regular,N/A
2881,Avaali,Regular,N/A
2882,Solfa International ltd,Regular,N/A
2883,ZR Shop BD,Regular,Bogra-Majhira (OSD Hub); Lalbag (ISD Hub)
2886,Trust Corner 1,Regular,N/A
2890,Rokona World,Regular,N/A
2892,FH SHOP,Regular,Savar-Dhamrai (RSD Hub); Mirpur-1 (ISD Hub)
2894,cosmetic point,Regular,N/A
2907,Attire Mart,Regular,Mohammadpur (ISD Hub)
2908,Aaboron,Regular,N/A
2909,Fashion Craze,Regular,Lalbag (ISD Hub); Diabari (ISD Hub)
2910,Walking Universe,Regular,Pallabi (ISD Hub)
2916,Noor's world,Regular,Mohammadpur (ISD Hub); Lalbag (ISD Hub); Mirpur-1 (ISD Hub)
2918,TREG BD,Regular,Mirpur-1 (ISD Hub)
2921,Standardbazar.com,Regular,Lalbag (ISD Hub)
2924,কারুরূপ ব্লক & বাটিক ফ্যাশন,Regular,N/A
2925,Nafsan Fabrics ,Regular,N/A
2935,4S GSM Bike Security-Fatema Automobiles,Regular,N/A
2939,Roversshopbd,Regular,N/A
2946,Needle,Regular,Pallabi (ISD Hub)
2947,STANJA,Regular,Mirpur-1 (ISD Hub)
2956,ASTHA,Regular,Pabna (OSD Hub)
2957,Jibonto.com,Regular,N/A
2959,Fantabulous,Regular,Diabari (ISD Hub)
2962,Rainbow Online Shop Bd,Regular,N/A
2976,Shoppy Cartz,Regular,Shewrapara (ISD Hub)
2981,BD Amajan Shop,Regular,Mohammadpur (ISD Hub); Banani (ISD Hub)
2985,fashion Fair Cosmetics,Regular,Farmgate (ISD Hub)
2987,Moon's,Regular,Rayerbag (ISD Hub)
2988,Shoppy,Regular,N/A
2990,Moon fashion,Regular,Shewrapara (ISD Hub)
2993,she's store,Regular,N/A
2994,Book land,Regular,N/A
3000,AmaderShop,Regular,Rayerbag (ISD Hub)
3002,DOYENNE,Regular,Banani (ISD Hub)
3003,Girls Almirah,Regular,Bashundhara (ISD Hub)
3007,Pearl Artistry,Regular,Mohammadpur (ISD Hub)
3014,Le Bellezaa,Regular,N/A
3015,The Shoe Venture,Regular,N/A
3021,GIRL'S SHOP BD - Organic Product,Regular,N/A
3023,Mr.FEriwala.com,Regular,N/A
3027,Safety GPS Tracker,Regular,N/A
3028,Snowflake,Regular,Pallabi (ISD Hub)
3029,Bigwing leather,Regular,N/A
3041,Green4Ever BD ,Regular,N/A
3051,Heriken.com,Regular,Siddhirganj (RSD Hub)
3052,Diecast Car Model Sell,Regular,Farmgate (ISD Hub)
3059,Backpack INC,Regular,N/A
3061,DO-LEFT,Regular,N/A
3065,Rahat Trading ,Regular,Malibagh (ISD Hub)
3067,BOS.COM.BD,Regular,N/A
3070,Shaat shotero,Regular,Bashabo (ISD Hub)
3075,Mianfiabd,Regular,N/A
3079,RANGA PIRAN,Regular,N/A
3083,Priyonti D-Light,Regular,N/A
3084,Aristo tex,Regular,Pallabi (ISD Hub)
3090,CleanTech Engineering,Regular,N/A
3094,Ayna's Closet,Regular,Mohammadpur (ISD Hub)
3096,Farah Closet,Regular,N/A
3097,Rakib Trade International,Regular,N/A
3099,Digital Publications Ltd,Regular,N/A
3101,Sineen,Regular,Farmgate (ISD Hub); Bashundhara (ISD Hub)
3102,BANDWAGON BD,Regular,N/A
3103,All in All,Regular,N/A
3107,dilpil,Regular,Lalbag (ISD Hub)
3108,Dorga,Regular,Malibagh (ISD Hub)
3112,Beauty Drape Online Shop,Regular,Bashundhara (ISD Hub)
3114,Onulekhon,Regular,N/A
3115,bathan Dairy,Regular,Lalbag (ISD Hub)
3116,TinKonne,Regular,N/A
3119,Kabliwala - Shop House,Regular,Shewrapara (ISD Hub)
3131,FIT ELEGANCE,Regular,Banani (ISD Hub); Bashundhara (ISD Hub)
3133,Beauty Splash.com,Regular,Motijheel (ISD Hub)
3134,Hati Hati Pa Pa,Regular,Pallabi (ISD Hub)
3135,Love creation,Regular,N/A
3137,Back Benchers,Regular,Malibagh (ISD Hub)
3138,Campus Book House,Regular,N/A
3141,abarnebo.com,Regular,Rayerbag (ISD Hub)
3142,VeeFaa,Regular,N/A
3143,Beauty Allure,Regular,N/A
3151,Classittude Lifestyle,Regular,N/A
3153,Aaizah's collection,Regular,N/A
3159,Race,Regular,N/A
3163,Ifhan's Closet,Regular,Cumilla (OSD Hub)
3165,Rodushi Fashion House BD,Regular,N/A
3167,Mrittika1,Regular,N/A
3173,Ortho Shop,Regular,N/A
3175,Makeup lover Bangladesh,Regular,N/A
3176,Oto Sports & Fitness,Regular,Savar (RSD Hub)
3177,Subarnolota,Regular,N/A
3182,Aliexpress Order BD,Regular,N/A
3184,Daily Divas,Regular,N/A
3186,Pekhom Crafts and Clothings,Regular,N/A
3191,Aamira,Regular,N/A
3198,Cotton Flame,Regular,N/A
3200,J'sqin,Regular,N/A
3201,Zepito,Regular,N/A
3203,Opshoris Dream,Regular,Bashabo (ISD Hub); Motijheel (ISD Hub)
3205,Ayaan Fabrics,Regular,N/A
3206,Mayaboti,Regular,N/A
3210,Mittra,Regular,N/A
3214,Zest Tees,Regular,Motijheel (ISD Hub)
3216,E-Phoring,Regular,Gazipur-Board Bazar (RSD Hub)
3220,Tara Fashion House,Regular,Pallabi (ISD Hub)
3225,Osfele,Regular,N/A
3227,Varsitybookbd,Regular,N/A
3231,T.R Products,Regular,N/A
3242,Bend The Trend (Khilgaon),Regular,Bashabo (ISD Hub)
3243,Rkomari shop,Regular,N/A
3245,SKF Accessories,Regular,Banani (ISD Hub)
3247,Gadget Clown,Regular,Mohammadpur (ISD Hub)
3249,Tuba's Closet,Regular,N/A
3251,ASR Bangladesh Design House,Regular,N/A
3253, FNM Automotive Ltd,Regular,Badda (ISD Hub); Shewrapara (ISD Hub)
3254,Bookstopbd,Regular,N/A
3263,Nillkin Bangladesh,Regular,N/A
3270,Maxbag & Book's,Regular,Savar (RSD Hub)
3272,Shokher Canvas,Regular,N/A
3274,SAMTECH,Regular,N/A
3276,RS Cosmetics Center- Skin Care,Regular,Mohammadpur (ISD Hub); Siddhirganj (RSD Hub)
3277,Ali's Fashion,Regular,N/A
3282,Tamanna Shop BD,Regular,N/A
3290,Ghoroya Fashion,Regular,N/A
3292,Dream Flower,Regular,N/A
3293,Shadow,Regular,Farmgate (ISD Hub)
3298,Eistabd18,Regular,N/A
3303,Nila's Closet,Regular,Farmgate (ISD Hub)
3304,ConMark Trade Venture,Regular,N/A
3305,Gutipoka,Regular,N/A
3306,Abeera’s Glam Squad,Regular,N/A
3308,HRID MAJHAR PRODUCTS ,Regular,N/A
3311,Trendy Fashion Shop BD,Regular,N/A
3312,Rosabella,Regular,N/A
3316,Naifa Mart,Regular,Mohammadpur (ISD Hub)
3319,Ruponti Dream House,Regular,Malibagh (ISD Hub)
3320,Dhakarhaat,Regular,Mirpur-1 (ISD Hub)
3325,BEAUTY & LOVELY COSMETICS SHOP,Regular,N/A
3326,nerdy things ,Regular,N/A
3334,UKcosmeticz.BD,Regular,Bashabo (ISD Hub); Malibagh (ISD Hub); Sylhet (OSD Hub); Chittagong-Nasirabad (OSD Hub); Khulna (OSD Hub); Uttara (ISD Hub); Gazipur-Board Bazar (RSD Hub)
3335,Zs collection2,Regular,N/A
3348,Lifestyle Closet ,Regular,Bashabo (ISD Hub)
3351,Daily review by Mouri,Regular,Mohammadpur (ISD Hub); Motijheel (ISD Hub)
3354,Monvelli Fashion,Regular,N/A
3355,Alzeena fashion,Regular,Mohammadpur (ISD Hub); Farmgate (ISD Hub); Pallabi (ISD Hub)
3356,Queen's Attire ,Regular,Malibagh (ISD Hub)
3358,Cao Pao,Regular,Malibagh (ISD Hub)
3361,Neel fashion house,Regular,N/A
3369,Niyat Fashion,Regular,Uttara (ISD Hub); Mirpur-1 (ISD Hub); Pallabi (ISD Hub)
3370,EM & JAE,Regular,Bashundhara (ISD Hub)
3373,Diyaa,Regular,N/A
3375,Time Square BD,Regular,N/A
3378,Diyaa 1,Regular,Bashabo (ISD Hub); Motijheel (ISD Hub)
3381,Unique Products for Future,Regular,N/A
3383,Bismillah Sunnah Trade,Regular,N/A
3384,Desired Makeup Gallery,Regular,Malibagh (ISD Hub)
3386,Roudromita,Regular,N/A
3391,Castles Shop,Regular,Bashabo (ISD Hub)
3394,gazzeto.com,Regular,N/A
3396,Mom and Baby Products,Regular,N/A
3397,Booktique,Regular,Banani (ISD Hub)
3400,Karushala,Regular,N/A
3407,BeautyCity Online Shop,Regular,N/A
3410,Aariyan glamours,Regular,N/A
3418,Dhakaee-Shari.com,Regular,N/A
3420,Times IT,Regular,Motijheel (ISD Hub)
3429,Erory Fashion,Regular,N/A
3431,Chandy Closet,Regular,N/A
3433,ROXEN COMPUTER TECHNOLOGY ,Regular,N/A
3435,Glaze Shop,Regular,Mohammadpur (ISD Hub)
3438,Rahim Trading Corporation,Regular,Malibagh (ISD Hub); Motijheel (ISD Hub)
3440,Jahan Collection ,Regular,N/A
3445,Elegant Dress And Baby Shop,Regular,Lalbag (ISD Hub)
3448, dhakabuysell.com,Regular,N/A
3449,"Rumpa""s collection",Regular,N/A
3452,Freaksum,Regular,N/A
3456,Arwa,Regular,Lalbag (ISD Hub)
3458,JAS Intimates ,Regular,N/A
3460,QUEENS COLLECTION,Regular,N/A
3464,New Lawn Gallery,Regular,Malibagh (ISD Hub)
3465,FIRM,Regular,Gazipur-Board Bazar (RSD Hub)
3467,Rouf's Courtour,Regular,N/A
3468,Forsell,Regular,N/A
3469,Saiza's Couture,Regular,Rayerbag (ISD Hub)
3470,city walk BD,Regular,Pallabi (ISD Hub)
3471,Mart By Maria,Regular,Bashabo (ISD Hub); Mirpur-1 (ISD Hub)
3477,Shororeetu,Regular,Pallabi (ISD Hub)
3478,Hunky Dory,Regular,N/A
3480,Shemontini,Regular,Lalbag (ISD Hub)
3481,pumpkin CSE Academy,Regular,Mirpur-1 (ISD Hub)
3482,Maisha Footwear,Regular,N/A
3483,Fatha's Mesmerising Collezione,Regular,N/A
3488,Beevob.com,Regular,N/A
3493,Something,Regular,Diabari (ISD Hub); Faridpur (OSD Hub)
3500,GoShop,Regular,N/A
3507,Teddy bear delivery in Bangladesh,Regular,N/A
3508,Fashion queen,Regular,Farmgate (ISD Hub)
3509,M plus Sharee,Regular,N/A
3512,Glamestics,Regular,N/A
3514,Pretty Gossip,Regular,N/A
3515,Glitz and Glam,Regular,N/A
3517,Wholesaler.com.bd,Regular,Malibagh (ISD Hub)
3523,Mittra 1,Regular,Mohammadpur (ISD Hub)
3530,Bag & accesories,Regular,Lalbag (ISD Hub); Pallabi (ISD Hub)
3534,Beauty girls,Regular,N/A
3539,Al Amin Express,Regular,N/A
3542,Nur Collection,Regular,N/A
3545,Ayaat boutiques,Regular,N/A
3547,Mayabi Glow 2,Regular,Kamrangirchar (ISD Hub)
3548,Gorur Ghash,Regular,Uttara (ISD Hub)
3550,ARFIN,Regular,Banani (ISD Hub)
3552,Khero Khata,Regular,Farmgate (ISD Hub)
3557,FALAQ'S COLLECTION,Regular,Mohammadpur (ISD Hub)
3564,Online Village,Regular,Demra (ISD Hub)
3565,M S BUSINESS CENTER,Regular,N/A
3566,H3 COLLECTION'S HOUSE,Regular,N/A
3567,Areifa's Shop,Regular,Chittagong-Nasirabad (OSD Hub)
3573,Kirkland minoxidil,Regular,N/A
3574,Dress Exclusive Design ,Regular,N/A
3575,UT ONLINE COLLECTION,Regular,N/A
3577,Legend Fashion,Regular,N/A
3580,2WO Playwear,Regular,Banani (ISD Hub); Diabari (ISD Hub)
3581,Ifra's world,Regular,N/A
3583,Shine Online Shop,Regular,N/A
3585,RUPANZEL FASHION,Regular,Uttara (ISD Hub)
3586,The Invisible Communication,Regular,Motijheel (ISD Hub)
3587,Zafeeras Corner,Regular,Rayerbag (ISD Hub); Malibagh (ISD Hub); Demra (ISD Hub)
3588,ZAshion.BD,Regular,Lalbag (ISD Hub)
3589,Emart,Regular,N/A
3590,Manga Cartel BD,Regular,Mohammadpur (ISD Hub); Diabari (ISD Hub)
3591,TECHNOKIT HEALTHCARE LTD,Regular,Farmgate (ISD Hub)
3593,MOM & KIDS,Regular,Malibagh (ISD Hub); Shewrapara (ISD Hub)
3604,Dekora Bangladesh,Regular,Mohammadpur (ISD Hub)
3606,taqwa punjbai bitan,Regular,Malibagh (ISD Hub)
3610,tamaras trend,Regular,Bashabo (ISD Hub)
3611,Shopno bunon by Sadia,Regular,Pallabi (ISD Hub)
3613,MIB SPIRIT LTD,Regular,Farmgate (ISD Hub)
3616,Karpas,Regular,Mohammadpur (ISD Hub)
3617,BonikMart,Regular,Khulna (OSD Hub)
3625,Bike Studio BD,Regular,N/A
3628,ABA Smart Collections,Regular,N/A
3633,Aazeen Of Islam,Regular,N/A
3636,Cosmetics zone bd,Regular,Badda (ISD Hub)
3645,Justforher,Regular,Banani (ISD Hub); Farmgate (ISD Hub); Lalbag (ISD Hub)
3648,Glamour Shop BD,Regular,Rayerbag (ISD Hub)
3653,Like & Buy,Regular,Pallabi (ISD Hub)
3654,The Secret Of Beauty,Regular,Rayerbag (ISD Hub)
3656,Shoppers-bd,Regular,N/A
3658,Trendy Splash,Regular,Bashabo (ISD Hub)
3659,Bindu,Regular,Badda (ISD Hub)
3660,Fashion Maker,Regular,Malibagh (ISD Hub)
3661,Feha's Collection,Regular,Mohammadpur (ISD Hub)
3665,Creation Edge 1,Regular,Motijheel (ISD Hub)
3668,Beevob,Regular,Malibagh (ISD Hub); Motijheel (ISD Hub)
3669,Time To Shine,Regular,Diabari (ISD Hub); Pallabi (ISD Hub)
3679,Urban Fashion Heights,Regular,N/A
3680,Passionate Her,Regular,N/A
3681,Shop 4 Her,Regular,N/A
3683,Lizman collections,Regular,N/A
3686,WearDHK,Regular,Bashabo (ISD Hub); Badda (ISD Hub)
3693,Puss N' Boots,Regular,Malibagh (ISD Hub)
3694,PinKush,Regular,Khulna (OSD Hub)
3698,Elius Test,Regular,N/A
3699,Mi Online Shop BD,Regular,Mirpur-1 (ISD Hub)
3701,Red Lotus,Regular,N/A
3702,Calling Bell,Regular,Badda (ISD Hub)
3704,Self Choice,Regular,N/A
3705,MehTa ,Regular,Mohammadpur (ISD Hub)
3716,Ferriwala,Regular,N/A
3720,Cloud collection,Regular,Bashundhara (ISD Hub)
3723,Adhunik Saree,Regular,N/A
3731,Ali express shopping bangladesh,Regular,N/A
3737,Adwitia Aporajita,Regular,N/A
3748,Silkandy by Mitu,Regular,Farmgate (ISD Hub)
3751,Allure,Regular,Malibagh (ISD Hub)
3755,Artocus BD,Regular,N/A
3757,Brandoxx,Regular,Badda (ISD Hub)
3760,Computer heaven,Regular,N/A
3761,Ladylike style,Regular,N/A
3763,NEEDS 1,Regular,Mohammadpur (ISD Hub); Banani (ISD Hub)
3765,kurigram konna,Regular,Chittagong-Bayezid (OSD Hub); Uttara (ISD Hub)
3766,Scout's Dream,Regular,Bashabo (ISD Hub)
3776,Sumi's boutiques fashion,Regular,N/A
3777,Aiza Sports,Regular,N/A
3778,Gadgetzone,Regular,Mohammadpur (ISD Hub); Lalbag (ISD Hub)
3779,Rodushi Fashion House,Regular,Bashundhara (ISD Hub); Motijheel (ISD Hub)
3780,Ladies world 1,Regular,N/A
3784,invention world,Regular,Chittagong-Hathazari (OSD Hub)
3791,UiiSii Earphone Shop BD,Regular,N/A
3797,E.T.C Jewelleryshop,Regular,N/A
3798,HB unique collection,Regular,N/A
3799,Snazzy Floret,Regular,Bashundhara (ISD Hub); Motijheel (ISD Hub)
3802,Ayat fashion 1,Regular,N/A
3808,Wabby,Regular,Diabari (ISD Hub)
3809,Kuasha Hostoshilpo Jamalpur,Regular,Jamalpur (OSD Hub)
3810,Seed Lover BD,Regular,Rayerbag (ISD Hub)
3815,Bubble Gum Baby shop,Regular,N/A
3817,Look shop BD,Regular,Pallabi (ISD Hub)
3820,Gadget Gift Gallery ,Regular,N/A
3822,Zerbera,Regular,N/A
3825,HABIB'S CLOSET,Regular,Mirpur-1 (ISD Hub)
3826,Exclusive Shop,Regular,N/A
3827,Sami's Fashionparadise,Regular,N/A
3829,Borofpani,Regular,N/A
3832,Dress Code,Regular,N/A
3842,Tarunika,Regular,N/A
3852,Aster Bangladesh,Regular,Malibagh (ISD Hub); Motijheel (ISD Hub)
3853,Personified,Regular,N/A
3855,Secret Products Bangladesh,Regular,N/A
3857,Gadgets House,Regular,Mirpur-1 (ISD Hub)
3862,TRIAL TRUST,Regular,N/A
3866,n Solutions,Regular,Banani (ISD Hub)
3868,Hundred Zone,Regular,Malibagh (ISD Hub)
3871,Anondi,Regular,Mirpur-1 (ISD Hub)
3876,Smart Alibaba BD,Regular,Motijheel (ISD Hub)
3882,IQRA international,Regular,N/A
3883,Fatiha,Regular,Farmgate (ISD Hub)
3895,Icon Collection,Regular,Mohammadpur (ISD Hub)
3899,Queen Fashion,Regular,Malibagh (ISD Hub); Pallabi (ISD Hub)
3900,Roza Boutique Corner,Regular,Motijheel (ISD Hub)
3905,GIRLS DRESS CODE,Regular,N/A
3906,Charulota,Regular,Cumilla (OSD Hub)
3908,RN craft,Regular,N/A
3910,Urme'z Creation,Regular,Chittagong-Bayezid (OSD Hub)
3911,Fashion Independent ,Regular,N/A
3912,Diptim,Regular,Bashundhara (ISD Hub)
3913,Tailor Lifestyle,Regular,Farmgate (ISD Hub)
3917,Manasvi,Regular,Shewrapara (ISD Hub)
3922,Ameera Fashion House,Regular,N/A
3926,Loyal Shop,Regular,Shewrapara (ISD Hub)
3927,DoorDeliver,Regular,Khulna (OSD Hub)
3928,Tuhfa Collection,Regular,N/A
3931,Gahona Ghar,Regular,N/A
3932,priota butics,Regular,N/A
3937,Proshun,Regular,N/A
3944,Korean Glow -cosmetics & skincare,Regular,Gazipur-Board Bazar (RSD Hub); Bashundhara (ISD Hub)
3949,Roza Moni Glamour girls House,Regular,N/A
3963,Ayosh,Regular,Malibagh (ISD Hub)
3964,Sini Care.(Bangladesh PTY LTD),Regular,N/A
3969,Gohonay Rongdhong,Regular,Pallabi (ISD Hub)
3971,ARB Fashion House,Regular,Motijheel (ISD Hub)
3977,Moonam's Attire,Regular,N/A
3981,Intro to Fashion,Regular,Malibagh (ISD Hub)
3982,Shobi,Regular,Lalbag (ISD Hub)
3988,ZooM Fashion House BD,Regular,N/A
3989,China Trade House,Regular,N/A
3993,BIBEAT Limited,Regular,Lalbag (ISD Hub)
3995,G V Fashion,Regular,Malibagh (ISD Hub)
4001,"Imported dresses by hema,Blink's by hema",Regular,Khulna (OSD Hub)
4002,Sizzling U,Regular,N/A
4003,WOW LOOKS,Regular,N/A
4007,Angles & Demons Bd,Regular,N/A
4009,Peachy Kloset,Regular,N/A
4014,Mavencave,Regular,N/A
4015,Aarxoo,Regular,Malibagh (ISD Hub)
4016,Afsara's Gallery,Regular,N/A
4018,Ritu,Regular,N/A
4024,Noboshoilee,Regular,Bogra (OSD Hub); Diabari (ISD Hub); Shewrapara (ISD Hub)
4027,Mujaoharat,Regular,Banani (ISD Hub); Farmgate (ISD Hub)
4029,Studioaara19,Regular,N/A
4030,Beauty Product BD(Online),Regular,N/A
4034,Baitul hijab,Regular,Bashabo (ISD Hub)
4037,Go Go Gorgeous Finlay Square,Regular,Chittagong-Nasirabad (OSD Hub)
4038,Pink Touch Beauty solution,Regular,N/A
4047,kidzbd.com,Regular,N/A
4051,amr shop,Regular,N/A
4053,Amarjuta.com,Regular,Demra (ISD Hub)
4059,La Aristo,Regular,N/A
4063,Nuraiz fashions house,Regular,N/A
4065,Girls fashion bd.Com  ,Regular,N/A
4075,Styleshoopingbd,Regular,N/A
4077,Instyles BD,Regular,Mohammadpur (ISD Hub)
4082,Rangdhanu Tailors & boutiques,Regular,N/A
4087,Honest Mart BD,Regular,N/A
4090,GUNGUN,Regular,Gazipur-Board Bazar (RSD Hub)
4093,Md jamal uddin,Regular,N/A
4109,Chaturanga,Regular,N/A
4113,Menyre,Regular,Malibagh (ISD Hub)
4114,Perfecto,Regular,Motijheel (ISD Hub)
4115,Kafelah,Regular,N/A
4117,F3560D,Regular,Malibagh (ISD Hub)
4119,Kb Express bd,Regular,Mirpur-1 (ISD Hub)
4126,SinghoRaza,Regular,Lalbag (ISD Hub)
4128,KAYAN,Regular,Malibagh (ISD Hub)
4129,Borno Creations,Regular,N/A
4133,Toys On Time,Regular,N/A
4134,JML TECHNOLOGY,Regular,Chittagong-Nasirabad (OSD Hub)
4140,Home & Baby Products,Regular,N/A
4143,Goergies Gift,Regular,Bashabo (ISD Hub)
4145,Mainamati Land Survey Office,Book,Savar - Amin Bazar (RSD Hub)
4147,Honeganic,Regular,N/A
4148,One Stop Shopping Centre BD,Regular,N/A
4150,Stylish Fashion BD,Regular,N/A
4154,Koras Online Shop,Regular,N/A
4155,Koras Shop,Regular,N/A
4158,Jannat,Regular,Bashundhara (ISD Hub)
4165,A to Z Okay ,Regular,N/A
4169,Izabela's Shareez,Regular,Mohammadpur (ISD Hub)
4172,Black_shop.bd,Regular,Bashabo (ISD Hub)
4179,Cherish,Regular,Farmgate (ISD Hub)
4180,T&T Beauty Online SHOP,Regular,N/A
4184,Style Xpress BD ,Regular,N/A
4188,Am Pm Online Shop,Regular,N/A
4189,Moner Moto,Regular,N/A
4192,Srote,Regular,Malibagh (ISD Hub)
4193,Brihonnola,Regular,N/A
4202,Arisha's Treasure,Regular,Mohammadpur (ISD Hub); Farmgate (ISD Hub); Diabari (ISD Hub); Gazipur-Joydebpur (RSD Hub)
4205,Gafas.,Regular,Rayerbag (ISD Hub)
4210,HIJAB GHOR,Regular,N/A
4214,Eculus,Regular,N/A
4224,Upmark,Regular,N/A
4227,Solution of your problem(Sagupa),Regular,N/A
4229,Arunika,Regular,Mohammadpur (ISD Hub); Kamrangirchar (ISD Hub)
4230,aamio.com,Regular,Malibagh (ISD Hub); Farmgate (ISD Hub)
4235,Amar Bazaar,Regular,Mohammadpur (ISD Hub)
4240,Buy Anything,Regular,Mirpur-1 (ISD Hub); Pallabi (ISD Hub)
4243,Nisa's Abaya,Regular,Malibagh (ISD Hub)
4244,AMART,Regular,N/A
4249,Oboni,Regular,N/A
4260,Sotonuu  ,Regular,Mirpur-1 (ISD Hub)
4263,Fashionista,Regular,Mohammadpur (ISD Hub)
4264,Girls Passion,Regular,N/A
4266,Ritma's Collection,Regular,N/A
4268,NS Empire,Regular,Mohammadpur (ISD Hub)
4273,KANON,Regular,Farmgate (ISD Hub)
4274,FLAMBOYANT DESIGN,Regular,Bashabo (ISD Hub)
4281,Rinayna - 1,Regular,Mirpur-1 (ISD Hub)
4285,STH Corporation,Regular,Bashabo (ISD Hub)
4287,"GlowHouseBD,  Beauty Items",Regular,Malibagh (ISD Hub); Diabari (ISD Hub)
4288,Gossip girls CTG,Regular,Chittagong-Nasirabad (OSD Hub)
4290,Hena Quraishy,Regular,N/A
4291,Nusaiba's World,Regular,Rayerbag (ISD Hub)
4299,LADY MODE,Regular,Banani (ISD Hub)
4300,POSH,Regular,Uttara (ISD Hub)
4301,Mowrin's Craft,Regular,N/A
4304,Dolok,Regular,N/A
4305,National Homoeo Hall (Pvt)Ltd. (Tanveer),Regular,Bashabo (ISD Hub); Motijheel (ISD Hub)
4306,GearSeeker Bangladesh,Regular,Rajshahi (OSD Hub); Mirpur-1 (ISD Hub)
4307,Tuktak 3,Regular,N/A
4312,La Bella,Regular,Mohammadpur (ISD Hub)
4314,Igni BD,Regular,N/A
4318,Brand Box,Regular,Demra (ISD Hub)
4319,Jewellery & Beauty Products By Khan's,Regular,Pallabi (ISD Hub)
4324,Beautreat Lifestyle,Regular,N/A
4325,NUHA TRENDZ,Regular,N/A
4330,ISRAT'S GLORIOUS GALLERY,Regular,Mohammadpur (ISD Hub); Mirpur-1 (ISD Hub)
4334,Friends' Craft & Co.,Regular,Mirpur-1 (ISD Hub)
4338,FashionQuest Bangladesh,Regular,N/A
4341,Bluemery Ctg,Regular,N/A
4350,NADIA'S GALLERY,Regular,N/A
4351,Crois fashion,Regular,Banani (ISD Hub); Malibagh (ISD Hub)
4352,Fashion Variation,Regular,Malibagh (ISD Hub)
4354,Rokomarijinish.com,Regular,Shewrapara (ISD Hub)
4366,Girls Choice Gallery,Regular,N/A
4374,Princess Arcade(DHAKA),Regular,N/A
4391,topsellsbd,Regular,Pallabi (ISD Hub)
4393,Happiness,Regular,Mohammadpur (ISD Hub)
4398,Kiddo & Maama,Regular,Motijheel (ISD Hub)
4403,Birthday Party House,Regular,Lalbag (ISD Hub); Bashabo (ISD Hub)
4405,Bonk t shirts,Regular,Mohammadpur (ISD Hub); Chittagong-Nasirabad (OSD Hub); Motijheel (ISD Hub)
4406,Rangdaru,Regular,Mohammadpur (ISD Hub)
4410,Cave Carnival,Regular,Uttara (ISD Hub); Pallabi (ISD Hub)
4412,Esxence Textile,Regular,N/A
4414,OUSHK,Regular,N/A
4416,Shopping Gear,Regular,N/A
4421,Ankhi's Handicrafts,Regular,N/A
4429,Open Shop,Regular,N/A
4430,Own Styles,Regular,Malibagh (ISD Hub)
4433,Kuhurani,Regular,N/A
4436,Evocative Peek,Regular,N/A
4437,VASILISA,Regular,Farmgate (ISD Hub)
4442,Peace o' Paper,Regular,N/A
4443,Hijabiyan's closet,Regular,N/A
4451,Aphrodite,Regular,Farmgate (ISD Hub)
4454,Gadget Track BD,Regular,Farmgate (ISD Hub)
4457,Anxious Biskut Bostro,Regular,Banani (ISD Hub)
4458,Seegate Technology,Regular,Rangpur (OSD Hub)
4461,Get Ready With Shantu,Regular,N/A
4463,Moonstruck Trends,Regular,N/A
4469,Chandravan,Regular,Banani (ISD Hub)
4471,Glow_in_mist,Regular,Motijheel (ISD Hub)
4479,Soronika,Regular,N/A
4480,SHE,Regular,N/A
4481,Pish Posh Bangladesh,Regular,Farmgate (ISD Hub)
4482,Tanvir Ahmed Abir ,Regular,N/A
4483,Trendy target,Regular,Diabari (ISD Hub)
4489,CLAY CRAFT,Regular,N/A
4491,CLUB ROOM BD,Regular,N/A
4501,RIZIKBD.COM,Regular,N/A
4503,LEGAL APPARELS,Regular,Lalbag (ISD Hub)
4505,Araf International,Regular,N/A
4508,JN Fashion,Regular,Bashabo (ISD Hub)
4521,Skin care and fair,Regular,N/A
4528,Brand Mega Shop,Regular,Banani (ISD Hub)
4529,Fancy Zone,Regular,N/A
4530,Anupom Tie,Regular,Motijheel (ISD Hub)
4536,Fashion paradise by Sheuly,Regular,Malibagh (ISD Hub)
4542,Be Elegant,Regular,Chittagong-Nasirabad (OSD Hub); Demra (ISD Hub); Sirajganj (OSD Hub)
4547,Yippee Fashion,Regular,Malibagh (ISD Hub)
4549,Heaven resolution ,Regular,N/A
4550,Shop From Canada,Regular,Farmgate (ISD Hub); Motijheel (ISD Hub)
4552,Aum's Alley,Regular,Bashabo (ISD Hub); Kushtia (OSD Hub); Diabari (ISD Hub)
4561,Unique Dokan,Regular,N/A
4562,Kamdani Collection's,Regular,N/A
4563,Rumaisa's Closet,Regular,Pallabi (ISD Hub)
4567,Ali express to Dhaka ,Regular,Cumilla (OSD Hub)
4569,Jemon Khusi Temon Sajo,Regular,Mirpur-1 (ISD Hub)
4570,IUTian Sweatshirt ,Regular,Rayerbag (ISD Hub); Gazipur-Board Bazar (RSD Hub)
4573,TOUCH OF COLORS,Regular,Cumilla-Daudkandi (OSD Hub)
4574,Diva's clothing,Regular,N/A
4575,JMC.Shopping,Regular,N/A
4578,Radiance Collection,Regular,Pallabi (ISD Hub)
4579,Sam's Cozmo,Regular,Mirpur-1 (ISD Hub)
4580,Trend Setters Bangladesh ,Regular,N/A
4581, Sulaiman fashion gullery,Regular,Bashabo (ISD Hub); Farmgate (ISD Hub); Malibagh (ISD Hub); Rayerbag (ISD Hub); Bashundhara (ISD Hub); Demra (ISD Hub); Chittagong-Halishahar (OSD Hub); Sirajganj (OSD Hub)
4583,GADGET CORNER EXCLUSIVE,Regular,Cumilla (OSD Hub); Lalbag (ISD Hub); Farmgate (ISD Hub)
4584,Flora beauty mart,Regular,Bashabo (ISD Hub)
4586,Yahsha Collection,Regular,Farmgate (ISD Hub)
4597,clothesy,Regular,N/A
4605,Black Bee,Regular,N/A
4606,Flock Together,Regular,Chittagong-Nasirabad (OSD Hub)
4607,D Drape,Regular,N/A
4618,TrenDeal,Regular,Pallabi (ISD Hub)
4621,ShopyBD.com,Regular,Mymensingh (OSD Hub)
4622,Quality Imports,Regular,N/A
4624,S. S Glamours,Regular,N/A
4626,Aarown.com,Regular,Pallabi (ISD Hub)
4630,Perfume Labs,Regular,Pallabi (ISD Hub)
4632,Eastern Attire BD,Regular,N/A
4635,Nuvanti,Regular,N/A
4637,Zeenats Divine,Regular,Mirpur-1 (ISD Hub)
4640,AR Colorful Shop ,Regular,N/A
4644,Ladys shop.com,Regular,N/A
4645,Shohoj Shodai,Regular,N/A
4646,Kata Kompass,Regular,N/A
4648,Aljana Mall,Regular,Gazipur-Board Bazar (RSD Hub)
4650,USA MYSHOP,Regular,Diabari (ISD Hub)
4651,Ashoha,Regular,N/A
4652,BDFlowerbud,Regular,N/A
4663,Dress  'n Dreams,Regular,Gazipur-Board Bazar (RSD Hub); Pallabi (ISD Hub)
4669,Gift Corner  Pater Hat,Regular,N/A
4682,Bella Fashion,Regular,N/A
4684,TREEMARTIN.COM,Regular,Diabari (ISD Hub)
4687,Pinnaqle.com,Regular,N/A
4689,Farmoon BD,Regular,N/A
4690,Nature Care Hair Oil,Regular,N/A
4696,  Neelanjona,Regular,N/A
4697,Lizman Collections,Regular,Mohammadpur (ISD Hub)
4698,PerfecTa,Regular,N/A
4700,Double Rainbow,Regular,Dinajpur (OSD Hub); Thakurgaon (OSD Hub); Rangpur (OSD Hub); Bogra (OSD Hub); Sylhet (OSD Hub); Sylhet-Beanibazar (OSD Hub); Mohammadpur (ISD Hub); Chittagong-Bayezid (OSD Hub); Banani (ISD Hub); Sylhet-South Surma (OSD Hub); Badda (ISD Hub); Shewrapara (ISD Hub); Uttara (ISD Hub); Savar (RSD Hub); Sunamganj (OSD Hub); Motijheel (ISD Hub); Moulvibazar (OSD Hub); Lalbag (ISD Hub); Sylhet-Jalalabad (OSD Hub); Diabari (ISD Hub); Farmgate (ISD Hub); Khulna (OSD Hub); Joypurhat (OSD Hub); Bashundhara (ISD Hub)
4706,Www.attiress.com,Regular,N/A
4712,Bumble Bee,Regular,Mirpur-1 (ISD Hub)
4714,Indra Marts,Regular,Lalbag (ISD Hub)
4715,BookLeaf (Savar),Regular,N/A
4719,Ruzainah's Collections,Regular,N/A
4724,Rongin borno,Regular,N/A
4726,D'Monochrome,Regular,Mohammadpur (ISD Hub)
4727,Zinat Clothing,Regular,N/A
4728,bzard.fashion,Regular,N/A
4731,STAR,Regular,Mohammadpur (ISD Hub)
4734,Blossom classy1,Regular,Malibagh (ISD Hub)
4736,Ninita's Almirah,Regular,Pallabi (ISD Hub)
4737,Craft.Home,Regular,Rangpur (OSD Hub)
4742,MODE,Regular,N/A
4745,Polka,Regular,Mirpur-1 (ISD Hub)
4748,Fa-E-Zoon,Regular,Malibagh (ISD Hub); Pallabi (ISD Hub)
4749,MakeSense by Tamanna,Regular,Bashabo (ISD Hub)
4756,BRAND BUCKET,Regular,N/A
4758,Smile Gadgets BD,Regular,Mirpur-1 (ISD Hub); Shewrapara (ISD Hub)
4760,Candypops,Regular,Diabari (ISD Hub)
4765,The Hermes,Regular,N/A
4766,Jafran world Bangladesh ,Regular,Lalbag (ISD Hub)
4769,Sazims,Regular,N/A
4770,Bivushion,Regular,Lalbag (ISD Hub)
4773,Optical Solutions ,Regular,Malibagh (ISD Hub)
4775,Faisal Textile,Regular,Farmgate (ISD Hub)
4776,Diaper Market.Com,Regular,N/A
4779,Foot Finder BD,Regular,N/A
4788,FriendsMic,Regular,Mirpur-1 (ISD Hub)
4790,Anirban,Regular,N/A
4791,TITIL'S T-SHIRT HOUSE,Regular,N/A
4795,Luxury Shop,Regular,Bandar (RSD Hub)
4796,Shamima's Creation,Regular,Lalbag (ISD Hub); Farmgate (ISD Hub)
4799,Hanger Stories by Samia,Regular,Banani (ISD Hub)
4805,gearmask,Regular,N/A
4811,Kirkland Minoxidil BD,Regular,Lalbag (ISD Hub); Tangail-Shakhipur (OSD Hub)
4815,Mowkash Fashion Brand,Regular,Kamrangirchar (ISD Hub)
4817,Stylers BD,Regular,N/A
4820,Women's fashion,Regular,Lalbag (ISD Hub)
4821,NayBae,Regular,N/A
4827,Home Story,Regular,N/A
4830,meherba's fashion,Regular,N/A
4831,mybdshop.com,Regular,Lalbag (ISD Hub)
4833,Zinnat's Couture,Regular,N/A
4836,FASHION CLUB,Regular,Bashundhara (ISD Hub)
4837,Fashion Classy,Regular,Bashundhara (ISD Hub)
4844,Wears Zone,Regular,Mirpur-1 (ISD Hub)
4850,Style loft by Fahan,Regular,N/A
4851,Everest Fashion,Regular,N/A
4856,Natural food,Regular,N/A
4860,The Nameless,Regular,N/A
4862,Kids and family accessories ,Regular,Malibagh (ISD Hub)
4865,AyaaT Collection House ,Regular,Pallabi (ISD Hub)
4866,Skin care products,Regular,N/A
4871,Girly Thing's ,Regular,Rayerbag (ISD Hub); Motijheel (ISD Hub)
4873,Trust Fashion,Regular,Pallabi (ISD Hub)
4874,FoxMart,Regular,N/A
4879,Ayra's Closet,Regular,Mohammadpur (ISD Hub); Pallabi (ISD Hub)
4881,Awaaz,Regular,Malibagh (ISD Hub)
4883,eBay Shopping Bangladesh,Regular,Motijheel (ISD Hub)
4896,Fanush Bangladesh,Regular,N/A
4900,Bangla Need,Regular,Pallabi (ISD Hub)
4904,A&O'S Wardrobe,Regular,N/A
4907,Boutiques online shop,Regular,Shewrapara (ISD Hub)
4910,WeeShop BD,Regular,Demra (ISD Hub)
4911,WomenSpot SkinCare,Regular,Sylhet (OSD Hub)
4927,Tahmi's Sister's World  ,Regular,N/A
4928,Fahmida's Collection,Regular,N/A
4933,Mkbookhousebd,Regular,Bashundhara (ISD Hub)
4934,Blue Icon,Regular,Malibagh (ISD Hub)
4935,Beauty collection,Regular,Lalbag (ISD Hub)
4937,Gearmade,Regular,Bashundhara (ISD Hub)
4938,Trendy colours,Regular,N/A
4942,TREND BD,Regular,Lalbag (ISD Hub)
4943,Aroby's Collection,Regular,Banani (ISD Hub); Pallabi (ISD Hub); Farmgate (ISD Hub); Shewrapara (ISD Hub); Bashundhara (ISD Hub)
4949,Shopping Spark,Regular,Mohammadpur (ISD Hub)
4951,Arito Beauty Shop,Regular,Motijheel (ISD Hub)
4952,Lucky Star,Regular,Lalbag (ISD Hub); Farmgate (ISD Hub)
4955,Only girls Collection,Regular,N/A
4961,Niyat,Regular,N/A
4967,Suraiya's Closet,Regular,Malibagh (ISD Hub)
4969,Muniba & Mom,Regular,Bashabo (ISD Hub)
4974,Alien Tees ,Regular,Motijheel (ISD Hub)
4977,ShopiyoBD,Regular,Diabari (ISD Hub); Malibagh (ISD Hub); Farmgate (ISD Hub); Bashundhara (ISD Hub); Uttara (ISD Hub); Chittagong-Halishahar (OSD Hub)
4978,Unique kurti,Regular,Lalbag (ISD Hub)
4981,Gorgeous & Glamorous,Regular,Mohammadpur (ISD Hub)
4992,Hoor,Regular,Bashundhara (ISD Hub)
4997,OutFits,Regular,Farmgate (ISD Hub)
4999,Nawshin's Blessed Wardrobe   ,Regular,N/A
5003,4Fancy,Regular,Lalbag (ISD Hub); Farmgate (ISD Hub); Pallabi (ISD Hub)
5005,EASY FASHION LTD.,Regular,Malibagh (ISD Hub)
5006,Muslin World,Regular,Farmgate (ISD Hub)
5008,Pick Pay n Play ,Regular,Mohammadpur (ISD Hub); Lalbag (ISD Hub)
5009,Nick's,Regular,N/A
5010,Meherima. Online business shop,Regular,Mirpur-1 (ISD Hub)
5011,kids needs- products form UK to BD,Regular,Chittagong-Halishahar (OSD Hub)
5012,The pine shop,Regular,N/A
5015,RJ Fashion house,Regular,Shewrapara (ISD Hub)
5017,Trust BD Online Shopping,Regular,N/A
5018,Ctg Shopping Mart,Regular,N/A
5019,Perfection Warehouse,Regular,Gazipur-Board Bazar (RSD Hub)
5020,Glamour House BD,Regular,N/A
5021,Cosmetics Madness,Regular,N/A
5026,Annesha's Couture,Regular,N/A
5027,KRISHNOKOLI,Regular,Uttara (ISD Hub)
5031,Mousum Hijab Gallery,Regular,Lalbag (ISD Hub)
5033,Hazel Nut BD,Regular,N/A
5035,Happy shopping ctg,Regular,Chittagong-Nasirabad (OSD Hub)
5036,LaRosa Online Boutique,Regular,Bashabo (ISD Hub)
5038,Mums Love,Regular,Bashundhara (ISD Hub)
5040,Glamorous Designer(Inactive),Regular,N/A
5046,CHAYABITHEE,Regular,Rayerbag (ISD Hub)
5047,She's fashionotes ,Regular,N/A
5048,Ayatshop.com,Regular,N/A
5051,Muniba's Collection,Regular,Mirpur-1 (ISD Hub)
5056,Girls World  ,Regular,Motijheel (ISD Hub)
5058,Baby Food Wholesale,Regular,Motijheel (ISD Hub)
5062,Gadget Geeks BD,Regular,Mohammadpur (ISD Hub); Farmgate (ISD Hub)
5065,Shimu's Shine,Regular,N/A
5070,Deshi Boutique,Regular,N/A
5072,thats vogue by sabrin ,Regular,N/A
5076,Read & Be,Regular,Motijheel (ISD Hub)
5083,Grand Collection,Regular,Diabari (ISD Hub)
5085,Picknjump,Regular,Diabari (ISD Hub)
5086,Lovable BD,Regular,N/A
5087,Sprinklez By Shondhii ,Regular,Banani (ISD Hub); Mirpur-1 (ISD Hub)
5088,The Tiny Stars,Regular,Badda (ISD Hub)
5090,Toha's Collection,Regular,Farmgate (ISD Hub)
5095,Fashion Club,Regular,N/A
5096,Daily mirror,Regular,Chittagong-Bayezid (OSD Hub); Chittagong-Nasirabad (OSD Hub)
5099,Kef,Regular,N/A
5103,Juthika Kunjo,Regular,Mohammadpur (ISD Hub); Farmgate (ISD Hub)
5104,Anobik Technologies Limited,Regular,Diabari (ISD Hub)
5109,Piran Bazar ,Regular,Mirpur-1 (ISD Hub); Shewrapara (ISD Hub)
5110,Elevate_bd,Regular,Bashabo (ISD Hub); Badda (ISD Hub)
5112,Naaz Craft & Fashion,Regular,Gazipur-Board Bazar (RSD Hub); Tangail (OSD Hub); Lalbag (ISD Hub); Motijheel (ISD Hub)
5113,Shadow,Regular,N/A
5114,Techno Health,Regular,N/A
5125,k Noor's collection Ctg,Regular,Chittagong-Halishahar (OSD Hub)
5128,GEEKAROO,Regular,N/A
5129,ladies101,Regular,N/A
5130,TechBurg ,Regular,Farmgate (ISD Hub)
5131,Esisaa,Regular,N/A
5140,Purple Delia,Regular,N/A
5144,Stylish closet by Ayesha,Regular,B.Baria-Ashuganj (OSD Hub); Bashabo (ISD Hub); Malibagh (ISD Hub)
5146,Lifestyle Boutique,Regular,Diabari (ISD Hub); Mirpur-1 (ISD Hub)
5149,AKASH NEELA,Regular,Farmgate (ISD Hub)
5155,BD Culture & Books,Regular,Farmgate (ISD Hub)
5158,Bright Glory Shine,Regular,Keranigonj (RSD Hub)
5167,Riahcare,Regular,Mirpur-1 (ISD Hub)
5169,Bd Makeup Ghor,Regular,Farmgate (ISD Hub)
5174,Amio Pari ,Regular,Mirpur-1 (ISD Hub)
5176,Rizik,Regular,Mohammadpur (ISD Hub); Farmgate (ISD Hub); Keranigonj (RSD Hub); Jashore (OSD Hub)
5179,Brand Fusion,Regular,Banani (ISD Hub)
5184,Baby Shoppers,Regular,Banani (ISD Hub); Bashundhara (ISD Hub)
5189,Affan shop1,Regular,Motijheel (ISD Hub)
5190,WARDROBE BY SABIHA,Regular,Chittagong-Nasirabad (OSD Hub)
5191,Unique Women's Collection,Regular,Mirpur-1 (ISD Hub)
5202,Bd Craft Corner,Regular,Mohammadpur (ISD Hub)
5204,Ishra's world,Regular,Khulna (OSD Hub); Pallabi (ISD Hub); Motijheel (ISD Hub)
5205,Trendy Wave,Regular,Farmgate (ISD Hub)
5207,Zenith Mart,Regular,Bashundhara (ISD Hub); Chittagong-Halishahar (OSD Hub)
5208,Nittodin22,Regular,N/A
5210,Instant Buy,Regular,Malibagh (ISD Hub)
5212,Lael Books,Regular,N/A
5216,Glamour Mart,Regular,Badda (ISD Hub)
5217,Samia Collection,Regular,Cumilla (OSD Hub); Mirpur-1 (ISD Hub)
5222,HIVE HONEY,Regular,Badda (ISD Hub)
5227,Quick Collection,Regular,Motijheel (ISD Hub); Shewrapara (ISD Hub)
5234,Sutor Karukaj Creation,Regular,N/A
5235,Gorgeous You By Tahrim,Regular,Shewrapara (ISD Hub)
5237,Forana's Collectionz,Regular,Banani (ISD Hub)
5241,Shopping Mania,Regular,Banani (ISD Hub); Uttara (ISD Hub)
5247,insects killer,Regular,Lalbag (ISD Hub)
5249,Angana,Regular,N/A
5254,Girlz Crush,Regular,Lalbag (ISD Hub); Bashabo (ISD Hub); Diabari (ISD Hub); Gazipur-Tongi (RSD Hub)
5255,SWAPNIL,Regular,Narayanganj (RSD Hub)
5257,WOW Collection,Regular,Bashabo (ISD Hub)
5261,Raphson Communication,Regular,Chittagong-Halishahar (OSD Hub)
5262,Online Mart BD ,Regular,Lalbag (ISD Hub)
5268,Leado,Regular,Rayerbag (ISD Hub)
5271,CHITRA ORGANIC KRISHI BAZAR,Regular,N/A
5276,ZEWAR-by Aditi's Studio,Regular,N/A
5277,Belleza Fashion,Regular,Mohammadpur (ISD Hub)
5289,Purple Ladyy,Regular,Mohammadpur (ISD Hub)
5296,Tori,Regular,Farmgate (ISD Hub)
5303,FashionistA ,Regular,N/A
5306,Shokh BD,Regular,Pallabi (ISD Hub)
5307,Abakash,Regular,Malibagh (ISD Hub)
5318,Two Taka,Regular,N/A
5320,Shanzi Nokshi Ghoor ,Regular,Chittagong-Nasirabad (OSD Hub); Demra (ISD Hub)
5321,Online Homeo Treatment,Regular,Rayerbag (ISD Hub)
5323,CAR Sticker HOUSE BD,Regular,Diabari (ISD Hub)
5329,Leuna Fashion,Regular,N/A
5331,Vape Cottage,Regular,Farmgate (ISD Hub)
5336,Shopper's ,Regular,Pallabi (ISD Hub)
5355,Kidmatic,Regular,Malibagh (ISD Hub); Diabari (ISD Hub); Badda (ISD Hub)
5358,Shimeka,Regular,Malibagh (ISD Hub)
5359,Fluorescence,Regular,N/A
5363,Meghdoot,Regular,Malibagh (ISD Hub); Pallabi (ISD Hub)
5365,ENVIE.,Regular,Bashundhara (ISD Hub)
5366,Parijat,Regular,Bashundhara (ISD Hub)
5367,nishchinto.com,Regular,Farmgate (ISD Hub)
5369,Tahsins TreasureS,Regular,Mohammadpur (ISD Hub)
5370,Mam fashoin ,Regular,N/A
5371,Prity's Closet,Regular,Shewrapara (ISD Hub)
5373,Srizon's OutLooK,Regular,Lalbag (ISD Hub); Tangail (OSD Hub); Pallabi (ISD Hub); Mymensingh (OSD Hub); Barishal (OSD Hub); Malibagh (ISD Hub); Farmgate (ISD Hub); Shewrapara (ISD Hub); Chittagong-Nasirabad (OSD Hub); Cumilla (OSD Hub); Khulna (OSD Hub); Bashundhara (ISD Hub); Narsingdi (OSD Hub); Uttara (ISD Hub); Motijheel (ISD Hub); Mohammadpur (ISD Hub); Mirpur-1 (ISD Hub)
5375,Shopno Market,Regular,Malibagh (ISD Hub)
5379,Kheya,Regular,Farmgate (ISD Hub)
5384,Attire by Chadny,Regular,Shewrapara (ISD Hub)
5387,ZAHEEN LIFESTYLE,Regular,Badda (ISD Hub)
5391,Widget fashion world ,Regular,N/A
5393,Khaadi,Regular,Mirpur-1 (ISD Hub)
5394,Boys Mart BD,Regular,Rayerbag (ISD Hub)
5397,Magic herbal hair oil,Regular,Cumilla (OSD Hub); Lalbag (ISD Hub); Savar (RSD Hub)
5400,Shakkhor by Nourin ,Regular,N/A
5403,Pori's collection,Regular,Mohammadpur (ISD Hub)
5407,Lakisworld,Regular,Lalbag (ISD Hub)
5409,MOTO GARAGE,Regular,Shewrapara (ISD Hub)
5419,Prothoma,Regular,Bashabo (ISD Hub)
5429,Blush collection,Regular,Bashabo (ISD Hub)
5431,Goyna_Kutir_BD,Regular,Mirpur-1 (ISD Hub); Pallabi (ISD Hub)
5432,Sajia alam,Regular,Chittagong-Bayezid (OSD Hub); Diabari (ISD Hub); Farmgate (ISD Hub); Chittagong-Nasirabad (OSD Hub); Motijheel (ISD Hub)
5435,Galeria Chic,Regular,Pallabi (ISD Hub)
5440,Ni By Nishat,Regular,Mohammadpur (ISD Hub); Rayerbag (ISD Hub); Keranigonj (RSD Hub)
5442,MotoAuto,Regular,Shewrapara (ISD Hub)
5446,Style and fashion ,Regular,Chittagong-Halishahar (OSD Hub)
5449,Adiba online shopping,Regular,N/A
5454,Damask,Regular,Shewrapara (ISD Hub)
5456,Fabrics ,Regular,Chittagong-Bayezid (OSD Hub); Uttara (ISD Hub); Mirpur-1 (ISD Hub)
5457,TrY ND BuY,Regular,Mohammadpur (ISD Hub)
5461,Wallet BD,Regular,Banani (ISD Hub); Bashundhara (ISD Hub); Badda (ISD Hub)
5468,Aayana-Elegant Outfits ,Regular,Shewrapara (ISD Hub)
5469,Fashion art clothing,Regular,Chittagong-Nasirabad (OSD Hub)
5471,MEGH,Regular,Farmgate (ISD Hub); Pallabi (ISD Hub)
5473,Gadget BD,Regular,Bashabo (ISD Hub); Farmgate (ISD Hub); Badda (ISD Hub)
5479,Pish posh,Regular,Sylhet-Jalalabad (OSD Hub)
5483,Sunisa Bb &Cc Foundation  Page,Regular,Bashundhara (ISD Hub)
5484,Ladies Choice,Regular,Mohammadpur (ISD Hub)
5486,SUNDAS ,Regular,Farmgate (ISD Hub)
5488,zobear enterprice,Regular,Shewrapara (ISD Hub)
5489,STYLERZ FASHIONETTE,Regular,Lalbag (ISD Hub)
5492,Shokher Baksho,Regular,N/A
5493,Be Glam By Safrin,Regular,Siddhirganj (RSD Hub)
5495,Naeem's Collection,Regular,Chittagong-Nasirabad (OSD Hub)
5499,Grandiose Jewelry Empire,Regular,Chittagong-Nasirabad (OSD Hub); Bashundhara (ISD Hub)
5501,Gardeniac ,Regular,Bashundhara (ISD Hub)
5503,Cloudy Fashion ,Regular,N/A
5504,Abdullah Jamdani,Regular,Bhulta - Gawsia (RSD Hub)
5512,FnA Closet,Regular,Lalbag (ISD Hub); Diabari (ISD Hub); Mymensingh (OSD Hub); Bashabo (ISD Hub); Malibagh (ISD Hub); Shewrapara (ISD Hub); Mohammadpur (ISD Hub)
5514,Touch Teenage,Regular,Kamrangirchar (ISD Hub)
5517,Arshia's creation  ,Regular,Farmgate (ISD Hub)
5518,Women Best Choices ,Regular,Chittagong-Nasirabad (OSD Hub)
5521,Ayman Baby Shop,Regular,Mohammadpur (ISD Hub)
5522,Youth Collections,Regular,Kamrangirchar (ISD Hub)
5523,Bay Outfit,Regular,Mirpur-1 (ISD Hub)
5526,EAI Shopping ,Regular,Chittagong-Nasirabad (OSD Hub)
5534,Vapor Hunter,Regular,Uttara (ISD Hub)
5538,Glam up by Urme,Regular,Diabari (ISD Hub)
5544,Poripati,Regular,Chittagong-Halishahar (OSD Hub); Rangamati (OSD Hub)
5546,Pink Shop UK to BD,Regular,Mohammadpur (ISD Hub); B.Baria-Kasba (OSD Hub)
5547,Ladies Luxury  ,Regular,Rayerbag (ISD Hub)
5553,Anbaar's ,Regular,Motijheel (ISD Hub)
5554,Alada Fashion,Regular,Rajshahi (OSD Hub)
5556,Chayabithi ,Regular,Bashabo (ISD Hub); Farmgate (ISD Hub); Malibagh (ISD Hub); Savar (RSD Hub); Shahjadpur-Bera (OSD Hub)
5557,Gorgeous Closet,Regular,Farmgate (ISD Hub)
5560,Manha Collection ,Regular,Diabari (ISD Hub)
5563,Ananya BD,Regular,Mohammadpur (ISD Hub); Shewrapara (ISD Hub)
5565,PhulPori,Regular,N/A
5566,BD Diva's Style,Regular,N/A
5567,Unicornbeb,Regular,Malibagh (ISD Hub)
5568,The Swarnali Jewellers,Regular,Chittagong-Halishahar (OSD Hub)
5570,Shopping On,Regular,Motijheel (ISD Hub)
5575,Pochondoshop,Regular,Farmgate (ISD Hub)
5578,Useful Daily Gadgets,Regular,Rayerbag (ISD Hub)
5583,Odheek,Regular,Shewrapara (ISD Hub)
5584,Poshra,Regular,Mohammadpur (ISD Hub)
5587,Mamnoon Computer Systems,Regular,Malibagh (ISD Hub)
5589,Natural product bd  ,Regular,N/A
5590,Exclusive Variegate,Regular,Lalbag (ISD Hub); Bandar (RSD Hub); Farmgate (ISD Hub); Rayerbag (ISD Hub); Motijheel (ISD Hub); Mohammadpur (ISD Hub); Chittagong-Baraiyarhat (OSD Hub)
5591,Online Crazy Shoppers BD,Regular,Sylhet-Jalalabad (OSD Hub); Mirpur-1 (ISD Hub)
5594,Block Wear,Regular,Mohammadpur (ISD Hub)
5596,Lamour,Regular,N/A
5601,bloomingdale,Regular,Narsingdi (OSD Hub); Uttara (ISD Hub)
5603,Fashion Revive,Regular,Chittagong-Bayezid (OSD Hub)
5604,N/A,?,N/A
5611,N/A,?,N/A
5613,N/A,?,N/A
5616,N/A,?,N/A
5631,N/A,?,N/A
5633,N/A,?,N/A
5637,N/A,?,N/A
5641,N/A,?,N/A
5644,N/A,?,N/A
5647,N/A,?,N/A
5653,N/A,?,N/A
5657,N/A,?,N/A
5658,N/A,?,N/A
5662,N/A,?,N/A
5668,N/A,?,N/A
5670,N/A,?,N/A
5671,N/A,?,N/A
5672,N/A,?,N/A
5680,N/A,?,N/A
5686,N/A,?,N/A
5687,N/A,?,N/A
5688,N/A,?,N/A
5691,N/A,?,N/A
5692,N/A,?,N/A
5694,N/A,?,N/A
5700,N/A,?,N/A
5704,N/A,?,N/A
5705,N/A,?,N/A
5707,N/A,?,N/A
5709,N/A,?,N/A
5710,N/A,?,N/A
5714,N/A,?,N/A
5717,N/A,?,N/A
5718,N/A,?,N/A
5720,N/A,?,N/A
5722,N/A,?,N/A
5726,N/A,?,N/A
5727,N/A,?,N/A
5731,N/A,?,N/A
5732,N/A,?,N/A
5734,N/A,?,N/A
5735,N/A,?,N/A
5739,N/A,?,N/A
5741,N/A,?,N/A
5745,N/A,?,N/A
5746,N/A,?,N/A
5747,N/A,?,N/A
5748,N/A,?,N/A
5749,N/A,?,N/A
5750,N/A,?,N/A
5751,N/A,?,N/A
5753,N/A,?,N/A
5756,N/A,?,N/A
5763,N/A,?,N/A
5764,N/A,?,N/A
5766,N/A,?,N/A
5767,N/A,?,N/A
5771,N/A,?,N/A
5774,N/A,?,N/A
5776,N/A,?,N/A
5780,N/A,?,N/A
5783,N/A,?,N/A
5784,N/A,?,N/A
5785,N/A,?,N/A
5790,N/A,?,N/A
5791,N/A,?,N/A
5794,N/A,?,N/A
5795,N/A,?,N/A
5800,N/A,?,N/A
5801,N/A,?,N/A
5802,N/A,?,N/A
5805,N/A,?,N/A
5807,N/A,?,N/A
5811,N/A,?,N/A
5813,N/A,?,N/A
5816,N/A,?,N/A
5823,N/A,?,N/A
5825,N/A,?,N/A
5827,N/A,?,N/A
5829,N/A,?,N/A
5832,N/A,?,N/A
5833,N/A,?,N/A
5843,N/A,?,N/A
5847,N/A,?,N/A
5851,N/A,?,N/A
5855,N/A,?,N/A
5856,N/A,?,N/A
5857,N/A,?,N/A
5861,N/A,?,N/A
5862,N/A,?,N/A
5863,N/A,?,N/A
5864,N/A,?,N/A
5873,N/A,?,N/A
5877,N/A,?,N/A
5883,N/A,?,N/A
5884,N/A,?,N/A
5886,N/A,?,N/A
5894,N/A,?,N/A
5897,N/A,?,N/A
5902,N/A,?,N/A
5905,N/A,?,N/A
5907,N/A,?,N/A
5913,N/A,?,N/A
5919,N/A,?,N/A
5920,N/A,?,N/A
5925,N/A,?,N/A
5929,N/A,?,N/A
5930,N/A,?,N/A
5934,N/A,?,N/A
5939,N/A,?,N/A
5942,N/A,?,N/A
5945,N/A,?,N/A
5948,N/A,?,N/A
5949,N/A,?,N/A
5951,N/A,?,N/A
5953,N/A,?,N/A
5959,N/A,?,N/A
5960,N/A,?,N/A
5967,N/A,?,N/A
5968,N/A,?,N/A
5970,N/A,?,N/A
5973,N/A,?,N/A
5974,N/A,?,N/A
5977,N/A,?,N/A
5979,N/A,?,N/A
5986,N/A,?,N/A
5992,N/A,?,N/A
5994,N/A,?,N/A
5996,N/A,?,N/A
6000,N/A,?,N/A
6003,N/A,?,N/A
6007,N/A,?,N/A
6008,N/A,?,N/A
6011,N/A,?,N/A
6012,N/A,?,N/A
6013,N/A,?,N/A
6018,N/A,?,N/A
6019,N/A,?,N/A
6021,N/A,?,N/A
6023,N/A,?,N/A
6025,N/A,?,N/A
6026,N/A,?,N/A
6029,N/A,?,N/A
6031,N/A,?,N/A
6041,N/A,?,N/A
6043,N/A,?,N/A
6044,N/A,?,N/A
6049,N/A,?,N/A
6057,N/A,?,N/A
6059,N/A,?,N/A
6061,N/A,?,N/A
6065,N/A,?,N/A
6066,N/A,?,N/A
6068,N/A,?,N/A
6071,N/A,?,N/A
6077,N/A,?,N/A
6079,N/A,?,N/A
6080,N/A,?,N/A
6089,N/A,?,N/A
6093,N/A,?,N/A
6098,N/A,?,N/A
6104,N/A,?,N/A
6107,N/A,?,N/A
6114,N/A,?,N/A
6122,N/A,?,N/A
6124,N/A,?,N/A
6126,N/A,?,N/A
6131,N/A,?,N/A
6134,N/A,?,N/A
6135,N/A,?,N/A
6137,N/A,?,N/A
6140,N/A,?,N/A
6144,N/A,?,N/A
6146,N/A,?,N/A
6149,N/A,?,N/A
6151,N/A,?,N/A
6155,N/A,?,N/A
6160,N/A,?,N/A
6163,N/A,?,N/A
6164,N/A,?,N/A
6166,N/A,?,N/A
6168,N/A,?,N/A
6169,N/A,?,N/A
6171,N/A,?,N/A
6172,N/A,?,N/A
6183,N/A,?,N/A
6187,N/A,?,N/A
6189,N/A,?,N/A
6190,N/A,?,N/A
6191,N/A,?,N/A
6192,N/A,?,N/A
6193,N/A,?,N/A
6199,N/A,?,N/A
6203,N/A,?,N/A
6212,N/A,?,N/A
6213,N/A,?,N/A
6220,N/A,?,N/A
6221,N/A,?,N/A
6223,N/A,?,N/A
6227,N/A,?,N/A
6233,N/A,?,N/A
6236,N/A,?,N/A
6238,N/A,?,N/A
6246,N/A,?,N/A
6249,N/A,?,N/A
6250,N/A,?,N/A
6252,N/A,?,N/A
6255,N/A,?,N/A
6257,N/A,?,N/A
6260,N/A,?,N/A
6261,N/A,?,N/A
6265,N/A,?,N/A
6266,N/A,?,N/A
6267,N/A,?,N/A
6275,N/A,?,N/A
6278,N/A,?,N/A
6280,N/A,?,N/A
6281,N/A,?,N/A
6282,N/A,?,N/A
6285,N/A,?,N/A
6291,N/A,?,N/A
6292,N/A,?,N/A
6298,N/A,?,N/A
6299,N/A,?,N/A
6300,N/A,?,N/A
6301,N/A,?,N/A
6309,N/A,?,N/A
6320,N/A,?,N/A
6328,N/A,?,N/A
6331,N/A,?,N/A
6337,N/A,?,N/A
6346,N/A,?,N/A
6350,N/A,?,N/A
6351,N/A,?,N/A
6352,N/A,?,N/A
6353,N/A,?,N/A
6354,N/A,?,N/A
6356,N/A,?,N/A
6360,N/A,?,N/A
6362,N/A,?,N/A
6364,N/A,?,N/A
6365,N/A,?,N/A
6372,N/A,?,N/A
6377,N/A,?,N/A
6378,N/A,?,N/A
6384,N/A,?,N/A
6386,N/A,?,N/A
6387,N/A,?,N/A
6389,N/A,?,N/A
6395,N/A,?,N/A
6396,N/A,?,N/A
6401,N/A,?,N/A
6408,N/A,?,N/A
6409,N/A,?,N/A
6411,N/A,?,N/A
6414,N/A,?,N/A
6419,N/A,?,N/A
6420,N/A,?,N/A
6421,N/A,?,N/A
6422,N/A,?,N/A
6427,N/A,?,N/A
6433,N/A,?,N/A
6434,N/A,?,N/A
6435,N/A,?,N/A
6439,N/A,?,N/A
6446,N/A,?,N/A
6449,N/A,?,N/A
6450,N/A,?,N/A
6456,N/A,?,N/A
6458,N/A,?,N/A
6459,N/A,?,N/A
6461,N/A,?,N/A
6462,N/A,?,N/A
6466,N/A,?,N/A
6467,N/A,?,N/A
6469,N/A,?,N/A
6470,N/A,?,N/A
6473,N/A,?,N/A
6474,N/A,?,N/A
6477,N/A,?,N/A
6481,N/A,?,N/A
6483,N/A,?,N/A
6486,N/A,?,N/A
6487,N/A,?,N/A
6495,N/A,?,N/A
6498,N/A,?,N/A
6504,N/A,?,N/A
6507,N/A,?,N/A
6508,N/A,?,N/A
6511,N/A,?,N/A
6513,N/A,?,N/A
6515,N/A,?,N/A
6518,N/A,?,N/A
6519,N/A,?,N/A
6520,N/A,?,N/A
6523,N/A,?,N/A
6524,N/A,?,N/A
6525,N/A,?,N/A
6526,N/A,?,N/A
6528,N/A,?,N/A
6529,N/A,?,N/A
6531,N/A,?,N/A
6532,N/A,?,N/A
6533,N/A,?,N/A
6535,N/A,?,N/A
6538,N/A,?,N/A
6544,N/A,?,N/A
6545,N/A,?,N/A
6555,N/A,?,N/A
6557,N/A,?,N/A
6564,N/A,?,N/A
6565,N/A,?,N/A
6571,N/A,?,N/A
6574,N/A,?,N/A
6575,N/A,?,N/A
6576,N/A,?,N/A
6581,N/A,?,N/A
6582,N/A,?,N/A
6583,N/A,?,N/A
6591,N/A,?,N/A
6592,N/A,?,N/A
6593,N/A,?,N/A
6596,N/A,?,N/A
6597,N/A,?,N/A
6598,N/A,?,N/A
6602,N/A,?,N/A
6603,N/A,?,N/A
6607,N/A,?,N/A
6610,N/A,?,N/A
6612,N/A,?,N/A
6621,N/A,?,N/A
6622,N/A,?,N/A
6625,N/A,?,N/A
6628,N/A,?,N/A
6634,N/A,?,N/A
6636,N/A,?,N/A
6637,N/A,?,N/A
6639,N/A,?,N/A
6640,N/A,?,N/A
6641,N/A,?,N/A
6643,N/A,?,N/A
6645,N/A,?,N/A
6647,N/A,?,N/A
6650,N/A,?,N/A
6654,N/A,?,N/A
6655,N/A,?,N/A
6656,N/A,?,N/A
6659,N/A,?,N/A
6660,N/A,?,N/A
6661,N/A,?,N/A
6663,N/A,?,N/A
6666,N/A,?,N/A
6673,N/A,?,N/A
6675,N/A,?,N/A
6676,N/A,?,N/A
6679,N/A,?,N/A
6683,N/A,?,N/A
6684,N/A,?,N/A
6687,N/A,?,N/A
6691,N/A,?,N/A
6693,N/A,?,N/A
6695,N/A,?,N/A
6697,N/A,?,N/A
6699,N/A,?,N/A
6701,N/A,?,N/A
6703,N/A,?,N/A
6704,N/A,?,N/A
6705,N/A,?,N/A
6706,N/A,?,N/A
6711,N/A,?,N/A
6712,N/A,?,N/A
6714,N/A,?,N/A
6718,N/A,?,N/A
6720,N/A,?,N/A
6724,N/A,?,N/A
6725,N/A,?,N/A
6727,N/A,?,N/A
6731,N/A,?,N/A
6732,N/A,?,N/A
6735,N/A,?,N/A
6737,N/A,?,N/A
6738,N/A,?,N/A
6740,N/A,?,N/A
6742,N/A,?,N/A
6743,N/A,?,N/A
6745,N/A,?,N/A
6746,N/A,?,N/A
6748,N/A,?,N/A
6749,N/A,?,N/A
6750,N/A,?,N/A
6752,N/A,?,N/A
6753,N/A,?,N/A
6757,N/A,?,N/A
6762,N/A,?,N/A
6765,N/A,?,N/A
6769,N/A,?,N/A
6773,N/A,?,N/A
6778,N/A,?,N/A
6785,N/A,?,N/A
6786,N/A,?,N/A
6790,N/A,?,N/A
6792,N/A,?,N/A
6793,N/A,?,N/A
6794,N/A,?,N/A
6795,N/A,?,N/A
6798,N/A,?,N/A
6799,N/A,?,N/A
6802,N/A,?,N/A
6811,N/A,?,N/A
6812,N/A,?,N/A
6815,N/A,?,N/A
6824,N/A,?,N/A
6825,N/A,?,N/A
6828,N/A,?,N/A
6833,N/A,?,N/A
6839,N/A,?,N/A
6840,N/A,?,N/A
6843,N/A,?,N/A
6845,N/A,?,N/A
6849,N/A,?,N/A
6855,N/A,?,N/A
6865,N/A,?,N/A
6867,N/A,?,N/A
6870,N/A,?,N/A
6873,N/A,?,N/A
6875,N/A,?,N/A
6880,N/A,?,N/A
6883,N/A,?,N/A
6889,N/A,?,N/A
6890,N/A,?,N/A
6893,N/A,?,N/A
6895,N/A,?,N/A
6897,N/A,?,N/A
6900,N/A,?,N/A
6901,N/A,?,N/A
6906,N/A,?,N/A
6912,N/A,?,N/A
6913,N/A,?,N/A
6916,N/A,?,N/A
6920,N/A,?,N/A
6925,N/A,?,N/A
6931,N/A,?,N/A
6934,N/A,?,N/A
6939,N/A,?,N/A
6948,N/A,?,N/A
6950,N/A,?,N/A
6951,N/A,?,N/A
6954,N/A,?,N/A
6955,N/A,?,N/A
6958,N/A,?,N/A
6959,N/A,?,N/A
6961,N/A,?,N/A
6965,N/A,?,N/A
6966,N/A,?,N/A
6967,N/A,?,N/A
6970,N/A,?,N/A
6972,N/A,?,N/A
6976,N/A,?,N/A
6978,N/A,?,N/A
6979,N/A,?,N/A
6982,N/A,?,N/A
6985,N/A,?,N/A
6987,N/A,?,N/A
6989,N/A,?,N/A
6991,N/A,?,N/A
6995,N/A,?,N/A
6997,N/A,?,N/A
7001,N/A,?,N/A
7002,N/A,?,N/A
7006,N/A,?,N/A
7007,N/A,?,N/A
7009,N/A,?,N/A
7011,N/A,?,N/A
7018,N/A,?,N/A
7021,N/A,?,N/A
7024,N/A,?,N/A
7027,N/A,?,N/A
7033,N/A,?,N/A
7039,N/A,?,N/A
7043,N/A,?,N/A
7052,N/A,?,N/A
7053,N/A,?,N/A
7062,N/A,?,N/A
7063,N/A,?,N/A
7064,N/A,?,N/A
7065,N/A,?,N/A
7066,N/A,?,N/A
7068,N/A,?,N/A
7070,N/A,?,N/A
7072,N/A,?,N/A
7073,N/A,?,N/A
7074,N/A,?,N/A
7078,N/A,?,N/A
7080,N/A,?,N/A
7081,N/A,?,N/A
7085,N/A,?,N/A
7108,N/A,?,N/A
7110,N/A,?,N/A
7111,N/A,?,N/A
7113,N/A,?,N/A
7117,N/A,?,N/A
7118,N/A,?,N/A
7120,N/A,?,N/A
7125,N/A,?,N/A
7126,N/A,?,N/A
7127,N/A,?,N/A
7128,N/A,?,N/A
7137,N/A,?,N/A
7148,N/A,?,N/A
7152,N/A,?,N/A
7157,N/A,?,N/A
7158,N/A,?,N/A
7159,N/A,?,N/A
7160,N/A,?,N/A
7166,N/A,?,N/A
7170,N/A,?,N/A
7171,N/A,?,N/A
7172,N/A,?,N/A
7179,N/A,?,N/A
7183,N/A,?,N/A
7184,N/A,?,N/A
7186,N/A,?,N/A
7192,N/A,?,N/A
7197,N/A,?,N/A
7198,N/A,?,N/A
7200,N/A,?,N/A
7204,N/A,?,N/A
7206,N/A,?,N/A
7207,N/A,?,N/A
7208,N/A,?,N/A
7216,N/A,?,N/A
7221,N/A,?,N/A
7223,N/A,?,N/A
7225,N/A,?,N/A
7226,N/A,?,N/A
7234,N/A,?,N/A
7240,N/A,?,N/A
7241,N/A,?,N/A
7243,N/A,?,N/A
7244,N/A,?,N/A
7245,N/A,?,N/A
7247,N/A,?,N/A
7249,N/A,?,N/A
7251,N/A,?,N/A
7255,N/A,?,N/A
7258,N/A,?,N/A
7259,N/A,?,N/A
7267,N/A,?,N/A
7268,N/A,?,N/A
7269,N/A,?,N/A
7271,N/A,?,N/A
7274,N/A,?,N/A
7275,N/A,?,N/A
7278,N/A,?,N/A
7285,N/A,?,N/A
7287,N/A,?,N/A
7293,N/A,?,N/A
7301,N/A,?,N/A
7303,N/A,?,N/A
7314,N/A,?,N/A
7316,N/A,?,N/A
7320,N/A,?,N/A
7323,N/A,?,N/A
7329,N/A,?,N/A
7333,N/A,?,N/A
7334,N/A,?,N/A
7338,N/A,?,N/A
7341,N/A,?,N/A
7342,N/A,?,N/A
7343,N/A,?,N/A
7348,N/A,?,N/A
7350,N/A,?,N/A
7351,N/A,?,N/A
7352,N/A,?,N/A
7353,N/A,?,N/A
7359,N/A,?,N/A
7363,N/A,?,N/A
7364,N/A,?,N/A
7366,N/A,?,N/A
7368,N/A,?,N/A
7370,N/A,?,N/A
7372,N/A,?,N/A
7377,N/A,?,N/A
7380,N/A,?,N/A
7385,N/A,?,N/A
7390,N/A,?,N/A
7393,N/A,?,N/A
7401,N/A,?,N/A
7407,N/A,?,N/A
7408,N/A,?,N/A
7411,N/A,?,N/A
7418,N/A,?,N/A
7422,N/A,?,N/A
7424,N/A,?,N/A
7428,N/A,?,N/A
7435,N/A,?,N/A
7436,N/A,?,N/A
7437,N/A,?,N/A
7441,N/A,?,N/A
7443,N/A,?,N/A
7444,N/A,?,N/A
7446,N/A,?,N/A
7447,N/A,?,N/A
7448,N/A,?,N/A
7449,N/A,?,N/A
7451,N/A,?,N/A
7454,N/A,?,N/A
7458,N/A,?,N/A
7467,N/A,?,N/A
7471,N/A,?,N/A
7472,N/A,?,N/A
7473,N/A,?,N/A
7475,N/A,?,N/A
7479,N/A,?,N/A
7489,N/A,?,N/A
7492,N/A,?,N/A
7498,N/A,?,N/A
7503,N/A,?,N/A
7504,N/A,?,N/A
7505,N/A,?,N/A
7507,N/A,?,N/A
7508,N/A,?,N/A
7509,N/A,?,N/A
7516,N/A,?,N/A
7517,N/A,?,N/A
7521,N/A,?,N/A
7527,N/A,?,N/A
7528,N/A,?,N/A
7530,N/A,?,N/A
7545,N/A,?,N/A
7547,N/A,?,N/A
7560,N/A,?,N/A
7563,N/A,?,N/A
7565,N/A,?,N/A
7567,N/A,?,N/A
7569,N/A,?,N/A
7573,N/A,?,N/A
7574,N/A,?,N/A
7575,N/A,?,N/A
7576,N/A,?,N/A
7581,N/A,?,N/A
7584,N/A,?,N/A
7585,N/A,?,N/A
7590,N/A,?,N/A
7591,N/A,?,N/A
7598,N/A,?,N/A
7599,N/A,?,N/A
7600,N/A,?,N/A
7601,N/A,?,N/A
7603,N/A,?,N/A
7611,N/A,?,N/A
7612,N/A,?,N/A
7615,N/A,?,N/A
7617,N/A,?,N/A
7621,N/A,?,N/A
7623,N/A,?,N/A
